source,title_desc,publishedAt
cbc,Tesla loses $13B in market value after CEO Elon Musk tweets 'stock price is too high'. Subsequent share drop erased nearly $3B US from the value of Musk's stake,2020-05-01T22:51:55.658Z
cbc,How Canadians can interpret COVID-19's volatile effect on the stock market. Is it too soon to invest hope in the latest round of market gains?,2020-04-24T14:30:00.920Z
cbc,"Hamilton realtor was first time stock market investor, 'then, the pandemic happened'. He's lost about $200 so far",2020-04-09T12:21:08.480Z
cbc,Manitoba securities commission warns investors about letter exploiting COVID-19 stock market anxiety. Gold mining company named in letter says it’s not involved,2020-04-09T23:08:52.522Z
cbc,"Oil plunge, coronavirus fears prompt panic selling on stock markets. Oil prices fall as much as 30 per cent; stock markets halted and bond yields plunge",2020-03-09T20:36:05.851Z
cbc,TSX and NYSE closed for Good Friday but Asian stock markets rise. Oil loses ground again after producing nations still can't agree on production cuts,2020-04-10T12:17:07.064Z
cbc,Battered stock markets post best day in years as governments fight coronavirus with cash. Is that light at the end of the tunnel? TSX and Dow rise more than 9%,2020-03-24T22:55:39.171Z
cbc,"Amid coronavirus rout, is it time to shut down the stock market?. Unprecedented volatility has raised calls for shutdown, but that poses problems, too",2020-03-19T14:15:22.384Z
cbc,Stock markets slide as coronavirus fears spread. Worst day for TSX since October as travel and tourism sectors hit hard,2020-01-27T21:20:29.218Z
cbc,"In 1987, a triple-digit-point stock market drop was huge. Frenzied selloff at TSE drew in curious spectators on Black Monday",2020-03-19T13:30:00.503Z
cbc,TSX moves higher on Friday as stock market roller-coaster continues. TSX follows up the worst day in its history with gains ,2020-03-13T18:03:43.829Z
cbc,"Stock markets close higher as investors shake off coronavirus fears — for now. TSX and Dow start strong, sell off through the morning, rally again in the afternoon",2020-03-10T20:32:21.046Z
cbc,Stock market seesaw continues as TSX and Dow Jones sell off Thursday. Markets paralyzed by indecision as fear of the unknown settles in,2020-03-05T21:22:01.914Z
cbc,Stock markets finish rough week with another dive into the red. TSX loses 3% as global stock sell-off continues for 6th day,2020-02-28T21:37:14.858Z
cbc,Stock markets lose ground again Monday despite U.S. central bank pledge to do 'whatever it takes'. Federal Reserve removes limits on how much debt it will take on from banks as collateral,2020-03-23T22:02:15.383Z
cbc,"Skittish over coronavirus, stock markets end fearful week with more losses. Dow sheds 600 points, TSX down close to 1 per cent",2020-01-31T21:41:44.426Z
cbc,"Stock markets broadly up on Brexit breakthrough. Markets also got a lift from solid financial results reported by Netflix, banks ",2019-10-17T16:18:52.454Z
cbc,"Shanghai stock exchange has worst day since 2015 as markets reopen amid coronavirus outbreak. Other markets also fell sharply, with Taiwan's benchmark down 2.8%",2020-02-03T13:39:28.228Z
cbc,Stock markets down on growing concern about coronavirus in China. Canada's main stock index fell for the first time in 7 sessions on concerns about the outbreak,2020-01-21T22:06:34.512Z
cbc,"Stock markets sell off as inverted yield curve in bond market prompts recession fears. Dow Jones loses 800 points, TSX down almost 300",2019-08-14T20:10:57.564Z
cbc,"Why are stock markets soaring amid so much uncertainty?. Despite gloomy forecasts and slow growth, it doesn't take much to spur investors",2019-11-05T09:00:00.792Z
cbc,North American markets end best year since 2013 thanks to big gains in tech stocks. The Toronto Stock Exchange's S&P/TSX composite index was up 19% on the year,2020-01-02T15:30:15.219Z
cbc,"TSX and Dow sell off sharply as global recession fears bubble up again. Dow loses almost 500 points, TSX down by 136.69",2019-10-02T20:46:34.799Z
cbc,"Include CO2 emission levels in stock market reports, says B.C. professor. When the market goes up, so do CO2 emissions, says Rick Kool",2019-09-24T19:48:23.986Z
cbc,Slump in U.S. manufacturing knocks stock market to lowest point in 5 weeks. Manufacturing weakened in September for the 2nd straight month as U.S.-China trade war dragged on confidence,2019-10-01T21:30:18.634Z
cbc,"Stocks down as markets react to new China tariffs, Brexit jitters. The British pound dropped to its lowest level against the U.S. dollar in 34 years",2019-09-03T21:43:01.834Z
cbc,"Oil plunges 5% as stock markets tumble on trade, growth fears. Technology, among sectors most exposed to China, along with energy were the hardest hit",2019-05-23T20:39:00.302Z
cbc,Expect rate cuts to wait till Fed thinks they're essential: Don Pittis. As recession fears grow Powell and Poloz have good reasons to keep their powder dry,2019-06-17T08:00:00.363Z
cbc,"Clearwater's sales hit hard by COVID-19. Company suspends dividends for the rest of 2020, increases access to credit",2020-05-15T20:27:28.901Z
cbc,"COVID-19 restrictions see some short-term rentals returned to P.E.I. housing market. Dismal tourism prospects lead some operators to remove listings, find longer-term tenants",2020-05-15T10:00:00.546Z
cbc,"Stock markets remain jittery even as Trump and China try to ease trade war fears. As G7 summit nears end, China offers to renew bargaining, U.S president says",2019-08-26T13:17:28.901Z
cbc,"Lobster population deemed healthy in eastern N.S. as uncertain season begins. 'We can't help but be pleased, to take some pride,' says Cape Breton fisherman",2020-05-15T09:00:00.837Z
cbc,"COVID-19 on P.E.I.: What's happening Thursday, May 14. COVID-19 has brought out the worst in some Islanders, says premier",2020-05-14T10:10:32.803Z
cbc,U.S. Senate intelligence committee chair steps aside during insider-trading investigation. FBI served search warrant for Sen. Richard Burr's phone as part of probe,2020-05-14T18:49:06.561Z
cbc,Hospital procures half a million N95 masks from China in 'wild west' style deal. 'One of the most unbelievable experiences of a lifetime' says Hospital CEO David Musyj,2020-05-15T19:45:50.007Z
cbc,"Farmers, butchers going 'full-tilt' to keep up with growing demand for local meat. Point de Bute farmer says she's seen 300% increase in demand for beef since isolation started ",2020-05-13T10:51:00.693Z
cbc,Alberta Energy Regulator blocks sale of Shell assets over cleanup concerns. AER said it wasn't happy with how the deal would have split the liability for cleaning up the sites,2020-05-15T17:10:30.882Z
cbc,Seniors to receive up to $500 in a one-time payment to offset added costs due to COVID-19. PM promises help for long-term care facilities after pandemic exposed vulnerabilities,2020-05-13T03:44:33.558Z
cbc,Canadian Natural surprises by maintaining dividend while cutting spending. The payouts will cost the company about $2 billion ,2020-05-07T17:55:01.602Z
cbc,"MPs pass bill to increase dairy commission's borrowing limit. Bill allows Crown corporation to borrow $200M more, financing additional butter, cheese purchases",2020-05-14T14:30:07.404Z
cbc,"Whitecap Resources posts $2.1-billion loss, warns of 'involuntary' crude cuts. Calgary-based company says it's planning for a methodical shut-in if required",2020-04-30T17:16:42.600Z
cbc,Commercial fishers on Lake Winnipeg tangle with province over requirement to use new nets. Larger mesh allows smaller fish to swim free; fishers already hurt by pandemic fear they will go belly-up,2020-05-13T10:00:00.616Z
cbc,"Canadian energy companies Cenovus and Husky swing to huge losses amid oil price collapse. Falling oil demand has dragged down producers' stocks, forced cost-cutting measures",2020-04-29T19:30:08.797Z
cbc,Vermilion Energy posts $1.3B loss on oil and gas assets writedown. Calgary-based firm cut dividend in half in March and suspended it entirely in mid-April,2020-04-29T14:15:01.693Z
cbc,"The economy with a capital 'E'. We dive into the markets, energy and housing to find out the COVID-19",2020-04-24T14:30:00.941Z
cbc,Suncor reports $3.5B loss in 1st quarter due to low oil prices. Oil sector production cutbacks are expected to grow up to 1.7 million bpd,2020-05-06T02:18:58.414Z
cbc,TSX and Dow Jones bounce back somewhat after massive Monday sell-off. Monday was one of the bleakest days ever on the stock exchanges,2020-03-17T20:42:21.586Z
cbc,"Jamaican farmers start working in Annapolis Valley after quarantine. 'We wouldn't be in business without temporary foreign workers,' says farmer",2020-05-02T09:00:00.543Z
cbc,Public pensions take a hit from COVID-19 concerns. Plans have likely lost more than $1 billion in stock markets over the last four weeks,2020-03-18T10:00:00.444Z
cbc,TSX and Dow make gains Thursday but coronavirus volatility continues. Canadian dollar fell to lowest level since 2003 on Wednesday,2020-03-19T20:22:11.460Z
cbc,Shell cuts dividend for first time since Second World War. Oil company worried that global recession could extend to 2023,2020-04-30T16:17:45.300Z
cbc,"TSX falls by 12%, now back to where it was in 2016. Circuit breaker rules designed to calm panicky markets triggered in Toronto and New York exchanges",2020-03-13T00:41:08.087Z
cbc,"TSX and Dow plunge back into the red Friday, capping bleak week for stock markets. Canadian dollar below 70 cents US",2020-03-20T20:27:40.207Z
cbc,"Husky cuts production by 80,000 bpd, taking Canadian total to 365,000 bpd so far. 'We have taken immediate action to preserve our balance sheet'",2020-04-20T16:04:17.155Z
cbc,"Pandemic pushes Moncton toward multi-million deficit, staff aim to avoid tax hike. City forecasts deficit of at least $1.7 million if measures to control the pandemic remain until June",2020-04-07T10:52:40.335Z
cbc,TSX shut down for 'technical halt' as stock markets sell off. Company that owns and operates exchange says systems will be ready for Friday,2020-02-28T05:58:51.741Z
cbc,Profitable Cannabis NB outperforming some companies bidding to take it over. Higgs government resumes consideration of bids by companies to take over cannabis retailing in New Brunswick,2020-05-04T08:00:00.578Z
cbc,"Coronavirus impact on global economy may jeopardize Alberta's balanced-budget plans: Kenney. 'In the short term, it's going to have a negative impact on our budget and on our economy,' premier says",2020-03-06T22:06:59.020Z
cbc,TSX and Dow Jones down by 20% since sell-off began last week. Another down day brings rolling total of losses close to definition of a bear market,2020-03-11T19:19:27.218Z
cbc,Husky Energy slashes spending by $1 billion. Company says move made to 'fortify' business in wake of challenging market,2020-03-12T23:54:54.972Z
cbc,"TSX and Dow Jones lose another 10% as coronavirus sell-off continues. When stock markets go down by 7%, automatic trading halts kick in to calm the situation",2020-03-16T21:02:00.739Z
cbc,Stock markets sell off again as global economy infected by coronavirus fear. Every major stock exchange in world is now in negative territory for 2020,2020-02-26T17:13:25.356Z
cbc,Retired Delta lawyer charged in stem cell company investigation. RCMP say victims in Canada and U.S. lost thousands of dollars in stem cell therapy company ,2020-03-11T02:17:24.702Z
cbc,"Man charged with 2nd-degree murder in ByWard Market stabbing. Gholam Alisalehie, 58, stabbed Thursday afternoon, died in hospital Saturday",2020-03-22T19:33:12.813Z
cbc,"CBC News Poll: In experts we trust (at least, more than we used to). Poll suggests rising levels of trust for experts amongst Albertans, even before COVID-19 struck",2020-04-08T12:07:34.923Z
cbc,"Stock markets sell off as coronavirus spread threatens global economy. Dow Jones loses almost 1000 points at open, price of oil sells off too",2020-02-24T21:06:56.765Z
cbc,"Could dogs detect coronavirus in humans? Your COVID-19 questions answered. From meat shortages to seasonal allergies, here's what you’re asking us today",2020-05-13T08:00:00.268Z
cbc,OPEC faces 'make-or-break' decision on oil production. Cartel meets as spread of COVID-19 continues to roil crude markets worldwide,2020-03-03T23:30:26.546Z
cbc,"$200 cheques for Manitoba seniors draw mix of praise, criticism. Make Poverty History Manitoba says benefit for seniors should have been based on income",2020-05-08T23:39:24.919Z
cbc,"'We will get through this': Oilpatch hunkers down amid price plunge, virus fears. Companies scrutinize priorities as they prepare for 'extraordinary' times",2020-03-12T22:19:00.465Z
cbc,TSX loses another 8% as Canadian oil price falls to lowest level on record. Canadian dollar dips below 70 cents US,2020-03-18T20:29:07.654Z
cbc,Murray Street stabbing now homicide investigation. 58-year-old man died in hospital Saturday,2020-03-21T23:57:29.774Z
cbc,"Some Toronto workers 'left out' of federal financial support amid COVID-19. Canada Emergency Response Benefit has gaps that need to be fixed, workers say",2020-04-06T09:00:00.796Z
cbc,"Gasoline prices dip below 80¢ a litre at some Calgary pumps. Most city fuel stations selling regular gas for around 85¢, tracker shows",2020-03-12T17:46:14.920Z
cbc,Man in life-threatening condition after stabbing in ByWard Market. Murray Street closed between King Edward and Cumberland as police investigate,2020-03-19T20:04:46.248Z
cbc,"Why the TSX lost 1,500 points in just one week and what coronavirus has to do with it. China could set example for what happens after an economic pause due to COVID-19",2020-02-29T09:00:00.812Z
cbc,Chris Hall: Bill Morneau's keeping his pandemic focus firmly on the near-term. He knows Canadians want to be told when to expect a return to 'normal' — but he's got bigger problems,2020-04-18T08:00:51.745Z
cbc,Shares in drug company Gilead rise Friday on hopeful signs remdesivir helps with COVID-19. Patients using the drug in a clinical trial showed rapid recovery in fever and respiratory symptoms.,2020-04-17T14:56:27.838Z
cbc,P.E.I. oyster sales dropped to zero when pandemic hit. ‘The first two weeks were nothing’,2020-04-22T11:42:31.322Z
cbc,"With markets reeling, can Quebec's budget offset uncertainty? Yes, says Legault. But opposition calls for $1 billion contingency fund to deal to economic effects of coronavirus",2020-03-09T23:49:14.595Z
cbc,7 potential lingering effects of COVID-19 on the economy: Don Pittis. How to choose among economic forecasts in a time of record uncertainty,2020-03-30T16:21:41.289Z
cbc,"Tight rental market has Dartmouth renters worried over looming 'renoviction'. Tenants can reapply to the building after renovations, but rents will be hundreds of dollars higher",2020-03-12T09:00:00.807Z
cbc,Winnipeg's finance chair says city budget can weather economic storm. Stock markets and oil prices plunge as coronavirus wreaks financial havoc,2020-03-09T21:41:12.112Z
cbc,"Securities regulators warn of 'aggressive' junior gold miner promotion. Mailing makes exaggerated claims about Crestview Exploration Inc., 2 regulators caution",2020-04-09T19:46:21.590Z
cbc,Some supplies running low as coronavirus fears grow. Shelves at some stores bare as residents heed warning to be prepared,2020-03-04T09:00:00.288Z
cbc,"'So much uncertainty': New data highlights global economic pain from COVID-19. France's economy shrank by 5.8%, the biggest quarterly drop since 1949, as Germany projects 6.3% GDP decline",2020-04-30T12:16:37.150Z
cbc,Struggling with nightmares and sleepless nights? Don't let pandemic stress ruin your rest. 'All the bad sleep habits that we have can be exacerbated by this',2020-04-15T16:30:00.980Z
cbc,Loonie dips below 70 cents US as coronavirus impact lingers. The Canadian dollar has been swept up in the wave of negativity brought on by the coronavirus,2020-03-18T13:21:03.066Z
cbc,Riverview Market's chicken ginger soup. Yields 10 cups,2020-02-02T11:00:00.359Z
cbc,"High returns or recession: What does 2020 have in store for your money?. Mark Ting, financial columnist for CBC's On The Coast, reveals his predictions for the new year",2020-01-12T17:00:00.634Z
cbc,"Nova Scotia LNG project decision delayed due to market conditions, COVID-19. 'We are building for the future, not for the current economic situation,' says CEO",2020-04-16T20:53:54.594Z
cbc,Will COVID-19 cause the next North American recession?. Finance columnist Mark Ting answers questions about the financial impact of coronavirus,2020-03-08T20:00:00.911Z
cbc,How COVID-19 could hit the Doug Ford government's budget. Forecasting COVID-19 impact on Ontario's economic growth a challenge as budget looms on March 25,2020-03-10T15:42:29.365Z
cbc,"Is the coronavirus ravaging your investment portfolio? Here's what you need to know. Financial experts predict the recovery could take a year or more, and there may be more rough times ahead",2020-03-13T08:00:00.218Z
cbc,"Canadian dollar hits 14-month high, TSX lifts on energy-sector gains. Loonie traded at 77.10 cents US, up from 76.99 cents Friday",2020-01-06T22:42:43.152Z
cbc,"Markets up sharply, rebounding from 7-day, coronavirus-driven decline. Rally comes amid hope central banks will cut rates to shore up economies ",2020-03-03T14:05:45.755Z
cbc,U.S. Federal Reserve cuts benchmark interest rate by half-point to offset coronavirus impact. Rate cut is biggest since 2008 financial crisis,2020-03-03T22:05:42.106Z
cbc,"More than just groceries: Calgarians stock up on guns, water filters, cannabis and home gym equipment. Some stores are seeing more traffic as people prep for the COVID-19 pandemic",2020-03-24T20:03:06.267Z
cbc,What's happened in Canada since WHO declared COVID-19 a pandemic. Canada had more than 100 confirmed cases on March 11 when pandemic declared,2020-04-11T20:17:48.312Z
cbc,Wealth of billionaires falls for 1st time since 2015 as uncertainty hits the super-wealthy. Wealth fell by 4.3 per cent globally to $8.5 trillion US last year,2019-11-08T14:49:14.901Z
cbc,Harpauer says falling oil prices should have little impact on Sask. budget. Sask. finance minister responds to NDP concerns about budget day,2020-03-12T20:49:42.680Z
cbc,Ontario Real Estate Association calls on agents to stop open houses amid COVID-19 outbreak. The association's president is asking realtors to shift their practices online,2020-03-22T15:58:57.475Z
cbc,"If COVID-19 creates an economic crisis, many see stimulus as a chance for change: Don Pittis. Morneau and others must decide whether to use bailouts to perpetuate what some see as an ailing status quo",2020-03-11T18:12:32.106Z
cbc,"Fewer homes on the market could mean bargains for buyers still on the hunt during COVID-19. Real estate market has slowed to a halt, leaving buyer's market during COVID-19 pandemic",2020-03-29T18:38:55.484Z
cbc,The Great Recession nearly killed Harper's government — and COVID-19 could be worse. Addressing the outbreak is only part of the federal government's job. It also has to fight fear.,2020-03-10T15:55:52.119Z
cbc,"How will Waterloo region weather COVID-19? Experts say it looks good but there will be challenges. Even if everything is OK, now is a good time to take stock, says Canadian Urban Institute CEO",2020-04-18T16:40:50.886Z
cbc,"Negotiators close on nearly $2 trillion virus aid package. Top Democrat Chuck Schumer says despite differences with Republicans, aid deal could be reached today",2020-03-24T06:40:12.081Z
cbc,'Agonizing': The prospect of a historic oil glut weighs on crude prices. North American benchmark price drops below $30 US per barrel,2020-03-16T23:21:01.561Z
cbc,Shopify shares jump after web-retail supplier reports soaring 4th-quarter sales. Ottawa-based tech company's sales and profit top expectations,2020-02-12T17:50:39.698Z
cbc,"Lessons from the Great Crash of 1929 for investing in an ever-rising market: Don Pittis. Having escaped an October crash, can we finally talk about irrational markets?",2019-11-11T09:00:00.843Z
cbc,"Help for Canadian oilpatch coming in 'hours, possibly days,' finance minister promises. 'The energy sector is in a particularly challenging situation,' Bill Morneau tells senators",2020-03-25T21:17:37.178Z
cbc,Bank of Canada may cut rates to aid economy sickened by COVID-19: Don Pittis. Central bank action may be part of a co-ordinated G7 plan as recommended by OECD,2020-03-03T18:06:49.613Z
cbc,This is what a trip to the dentist could look like in B.C. when offices reopen. Expect pre-appointment telephone screening and sparsely furnished waiting rooms,2020-05-09T00:25:23.391Z
cbc,Wall Street rally pauses near records in Christmas Eve trade. All three major stock indexes closed at all-time highs on Monday,2019-12-24T18:38:40.866Z
cbc,Union seeks court guarantee Dominion Diamond will honour millions in pension shortfall. Last official report says shortfall $9.1M but company official says true figure could be higher,2020-05-07T17:01:16.430Z
cbc,TSX closes at record high as oil rally continues. Strength of banks and oil companies driving recent gains,2019-09-20T20:34:36.822Z
cbc,Bourse anarchy — what fear of the coronavirus is doing to markets. Plus how regulatory flip-flops makes balancing environment and economics harder,2020-02-28T20:30:00.769Z
cbc,"Markets up as retailers rise with holiday shopping. Amazon, other retailers had last-minute surge in online holiday shopping",2019-12-26T22:04:05.601Z
cbc,"CBC News poll: Albertans were already anxious. Then, the floor dropped out. Even before the pandemic, Albertans were braced for hard economic times",2020-04-07T15:32:16.224Z
cbc,"New Brunswick's two-week old budget already a 'mess' in wake of COVID-19 crisis. Blaine Higgs says economic cost of pandemic is high, but government will pay what's needed to prevent spread",2020-03-20T12:26:15.108Z
cbc,"The market battle for climate supremacy heats up: Don Pittis. While politicians may choose to ignore climate science, money managers cannot",2019-11-06T16:01:41.982Z
cbc,"Provincial tribunal backs London developer in bitter, 5-year demolition battle. Demolition looms for the building where London's labour movement was born",2020-05-08T10:43:22.651Z
cbc,"As stock markets fall, the time to stock up at the store  is before COVID-19 comes to town: Don Pittis. Empty shelves in places the virus hits are a reminder to prepare for emergencies",2020-02-27T03:14:22.328Z
cbc,"U.S. political leaders deal with fallout — and self-quarantine — in face of coronavirus outbreak. Trump 'not concerned at all' about exposure to virus, White House press secretary says",2020-03-10T15:22:56.807Z
cbc,"As COVID-19 hits the economy, bailouts are a fresh reminder why governments matter: Don Pittis. When this is all over, will penny-pinchers remember the value of governments?",2020-03-20T18:25:32.597Z
cbc,90 years young: Family owned and operated Freeds celebrates. Sam Freed spoke 11 languages when he opened the store in 1929,2019-11-18T16:49:52.833Z
cbc,"Canadian Natural Resources reports fourth-quarter profit, raises dividend. Energy company says it will now pay quarterly dividend of 42.5 cents per share",2020-03-05T13:36:00.483Z
cbc,2 different start dates being recommended for 2 P.E.I. lobster fishing areas. 'It is not going to be one thing ... to solve it for everyone' ,2020-04-21T21:23:30.584Z
cbc,"Crude storage is filling fast as demand tumbles, piling pressure on oilpatch. 'It's happening at lightspeed,' market watcher says",2020-04-21T18:46:13.533Z
cbc,"Stung by WeWork losses, SoftBank boss charts more cautious IPO course. SoftBank Group plunged to its first quarterly loss in 14 years on Wednesday",2019-11-07T17:01:34.247Z
cbc,"Canopy Growth reports $374.6M loss, restructures softgel and oil portfolio. The latest quarter results includes a $32.7-million restructuring charge for returns ",2019-11-14T16:54:03.591Z
cbc,"How bad will Canada's COVID-19 recession be?. 2 million jobs could be at stake, and the economy could shrink by more than it did in 2009",2020-03-27T13:39:52.704Z
cbc,Canopy Growth names Constellation Brands executive as new CEO. Founding employee Mark Zekulin to step down from CEO and board position,2019-12-09T17:56:42.626Z
cbc,U.S. Federal Reserve leaves rates near zero as COVID-19 savages U.S. economy. Economists forecast sharpest downturn in U.S. history this quarter,2020-04-29T21:16:53.765Z
cbc,"Interest rates are plunging — so why aren't mortgage rates?. Bond yields and central bank rates have never been lower, but not all the savings are filtering down",2020-04-04T13:24:14.398Z
cbc,Coronavirus forces strained London grocery stores to change the way they do business. Supermarkets have unwittingly found themselves on the front lines of a pandemic,2020-03-17T22:18:32.628Z
cbc,Is the North American economy heading for a recession?. Financial contributor Mark Ting predicts there won't be a recession until 2021 or later,2019-08-11T13:00:00.737Z
cbc,CannTrust shares plunge again as Health Canada deems 2nd cannabis facility 'non-compliant'. Problems mount at cannabis company as government cracks down after unlicensed growing,2019-08-12T20:09:05.789Z
cbc,"Cannabis companies could go bust in 2020, industry insiders predict. 2 Canadian companies sought creditor protection last month",2020-01-21T18:09:45.813Z
cbc,"To boost beef industry, N.L. government invites farmers to have a cow. 15 purebred Hereford cattle imported in past 3 years",2019-10-09T20:07:55.633Z
cbc,"Website connects laid-off workers with overburdened food manufacturers. Companies facing increased demand, reduced staff keen for experienced workers",2020-03-27T10:00:00.072Z
cbc,"Automakers dodged parts shortage, but COVID-19 poses new threat. Analysts predict gloomy outlook for sales this year",2020-03-17T16:45:23.415Z
cbc,How the coronavirus has thrown interest rate plans out the window. 40 banks around the world have already cut interest rates — and Canada could be next,2020-03-01T15:09:02.881Z
cbc,China-U.S. trade and Hong Kong uncertainty weigh on global stocks. This comes after U.S. President Donald Trump said he had not agreed to gradually lift tariffs on Chinese goods,2019-11-11T19:59:46.502Z
cbc,CBC News poll: Albertans were hurting financially even before COVID-19. More than half of Albertans said their household’s finances were worse this year than last year,2020-04-04T22:56:09.006Z
cbc,Dispatches from the small businesses struggling with COVID-19 and the economics of creating a vaccine. Hear first-hand from Canadians facing economic problems due to the outbreak,2020-03-20T17:17:31.341Z
cbc,New York markets bounce higher as U.S. tariffs on Mexico averted. Mexican president says new NAFTA trade deal could be signed next week,2019-06-10T21:17:27.118Z
cbc,HBC shares up on news of likely takeover deal. Baker group poised to gain control of retailer after agreeing to Catalyst Capital's higher asking price,2020-01-06T22:45:21.316Z
cbc,"Path of COVID-19 economy even harder to predict than that of virus itself: Don Pittis. Economic bounce-back depends not just on what virus does but how governments, businesses, people react",2020-05-04T08:00:00.636Z
cbc,Interest rate cut for COVID-19 is like surgery with a club: Don Pittis. Cheap money is a blunt instrument that won't fix specific economic problems caused by coronavirus outbreak,2020-03-05T09:00:00.296Z
cbc,Oil price jump boosts Canadian energy stocks. Higher fuel prices for consumers expected,2019-09-16T21:30:45.986Z
cbc,"Stocks fall as trade concerns spark growth fears, push investors to bonds. Each of the major U.S. indexes suffered their fourth decline in five sessions",2019-05-30T16:50:02.729Z
cbc,"Aurora Cannabis reports quarterly loss following layoffs, writedown and CEO departure. Earnings affected by drop in production, costs of rolling out edibles and vapes",2020-02-13T18:18:48.075Z
cbc,"Trump retaliates against China with tariff hike; stocks sell off. U.S. president spars with Fed chief, orders U.S. companies to stop doing business in China",2019-08-23T22:49:01.298Z
cbc,"An alley full of dumpster fires: Which crisis would you like to deal with first?. If the Muskrat Falls report weren't enough, a stock market collapse and a pandemic came upon us",2020-03-14T09:30:00.286Z
cbc,"When we were talking a lot about 'e-business' stocks 20 years ago. In 1999, some internet-related companies saw sharp drops in their stock prices",2019-08-06T17:10:42.805Z
cbc,Add a little green to your isolation blues by growing an indoor garden. 'This weather is not going to last forever and eventually these things can go outside',2020-03-24T17:00:00.584Z
cbc,"'Stay the course': Don't let COVID-19 anxieties dictate your personal finance plans, says consultant. Keep an emergency fund, and focus on the long term: Preet Banerjee",2020-03-08T23:22:30.343Z
cbc,"S&P 500 hits record high on hopes of trade deal, rate cut. Technology stocks also helped push benchmark index to all-time high and Nasdaq close to record",2019-10-28T20:51:14.720Z
cbc,"'Master of narrative' Trump tells voters his story about the U.S. economy. The economy is strong, but not everyone has experienced gains under the Trump administration's policies",2020-02-05T19:00:14.693Z
cbc,U.S. stock indexes wobble as traders turn cautious over trade. The U.S. held off on tariffs set to kick in Tuesday but has yet to cancel plans for more tariffs in December ,2019-10-16T14:30:35.040Z
cbc,Driller Ensign Energy shares fall on slashed dividend and quarterly loss. Calgary-based driller's shares closed down more than 14 per cent,2019-11-13T00:50:05.267Z
cbc,McDonald's to offer Beyond Meat burger in Ontario pilot project starting next week. Iconic burger chain the latest to jump on plant-based eating bandwagon,2019-09-26T15:31:35.809Z
cbc,"How long does the virus stay in your beard? Your COVID-19 questions answered. From beards to serology tests, here's what you're asking us today",2020-04-09T08:00:00.349Z
cbc,"Depleted national stockpile leaves Canada reliant on China for masks, gowns and other supplies during pandemic. Health Canada has temporarily lowered its standard for the importation of PPE to meet demand",2020-05-07T01:23:50.977Z
cbc,New York stock indexes hammered as China allows yuan to devalue. Threat of tariffs has been hitting markets hard for the past 3 days,2019-08-05T21:03:37.121Z
cbc,Lyft continues to post losses despite revenue growth. The ride-hailing company lost $664.2 million US despite posting revenue of $867.3 million,2019-08-07T20:47:30.295Z
cbc,Canopy Growth shares slump as cannabis company earnings reveal quarterly loss. Biggest cannabis company in Canada had bigger loss than expected last quarter,2019-06-21T19:46:56.093Z
cbc,Bombardier joint venture lands $427 million US contract to build high-speed trains in China. Montreal-based company holds 50% stake in Bombardier Sifang Transportation Ltd.,2020-01-02T18:24:01.359Z
cbc,"Aurora Cannabis cuts 500 jobs across company, CEO steps down. Company halted construction on 2 facilities in November",2020-02-06T23:12:53.917Z
cbc,Oil price plunge will not be factored into upcoming Sask. budget. Western Canadian Select price drops to $20 US per barrel,2020-03-10T00:20:34.885Z
cbc,"Grocery stores struggling to keep up as shoppers clear shelves but say there's no lack of supply. Despite the run on stock, stores say supply chain is strong and goods are being replenished",2020-03-18T23:28:28.981Z
cbc,COVID-19 could cool London's busy spring real estate market before it begins. Many people looking to buy or sell a home now might be reconsidering ,2020-03-30T10:14:10.772Z
cbc,"Barrick to pay Tanzanian government $300M to settle mining dispute. Deal marks end of long impasse between Tanzania and Acacia Mining, which firm took over",2019-10-21T17:28:30.586Z
cbc,"Teck Resources warns of $1.13B charge if Frontier oilsands mine rejected. The $20.6-billion, 260,000-barrel-per-day project is located in northeastern Alberta",2020-02-21T20:28:24.745Z
cbc,"'The building is so well made': Tenants celebrate 90th birthday of historic Frontenac. Regina apartment complex, built in 1929, was granted official municipal heritage status in early 2016",2019-12-14T23:20:26.898Z
cbc,B.C. businessman Jim Pattison makes bid to take Canfor private. Canfor stock jumps after Great Pacific Capital makes offer of $16 per share,2019-08-12T19:11:26.022Z
cbc,How coronavirus is colouring the U.S. presidential campaign. 'The way you respond to crises can be make-or-break moments for elected officials',2020-03-14T14:43:12.270Z
cbc,OpenText Corp. to buy cloud-focused Carbonite Inc. in billion dollar deal. The $1.42-billion US deal will be the ninth cloud-focused acquisition for the Canadian-based company,2019-11-11T17:33:30.316Z
cbc,What the Saudi Aramco IPO could mean for the future of the oil industry. Saudi Arabian oil giant Aramco will sell shares publicly for the first time in December,2019-11-08T22:32:51.862Z
cbc,Recounting a devastating week in North America's biggest oil play. A day-by-day account in the west Texas oilfields as oil markets in a free fall,2020-03-15T08:00:00.547Z
cbc,Stelco cites 'unprecedented' drop in steel prices while reporting Q4 loss. Steelmaker working to diversify offerings and add higher value-added products,2020-02-19T22:55:40.194Z
cbc,"3 different companies hired to bus Halifax-area students starting this fall. Stock Transportation, which has faced criticism, gets special-needs contract",2020-02-06T20:36:34.453Z
cbc,'Sock Rocket:' Trump's mispronunciation leads to sales boost for Calgary company. Family business tweeted at the U.S president encouraging him to buy their socks,2019-11-29T17:23:45.069Z
cbc,"Google parent, Alphabet, just became trillion-dollar company. Some fund managers say they're wondering if now is the time to cash in",2020-01-17T13:51:28.665Z
cbc,Tesla shares soar 40% in 2 days as euphoria sets in — and short sellers get squeezed. Company has quadrupled in value since summer of 2019,2020-02-05T15:41:59.862Z
cbc,"Manitoba government promises 'emergency-ready' 2020 budget. Tax cuts are even more necessary in uncertain financial times, Finance Minister Scott Fielding says",2020-03-11T10:00:00.368Z
cbc,"Under shadow of COVID-19, Island potato growers face uncertain season. Those who grow for french fry industry expecting volume cut of up to 20% in contract with Cavendish Farms",2020-04-20T09:00:00.315Z
cbc,"Cineplex agrees to acquisition by U.K.-based Cineworld. Group offers to pay 42% premium for Canadian theatre chain, subject to shareholder approval",2019-12-16T21:34:09.646Z
cbc,"Ford open to closing borders to visitors during pandemic, not to commerce. Provincial officials say there are now 177 cases of COVID-19 in Ontario",2020-03-16T16:46:27.704Z
cbc,"Ontario shelves plan for full 2020 budget amid COVID-19 uncertainty. Province will release fiscal outlook, which includes cash to deal with coronavirus",2020-03-16T19:15:30.499Z
cbc,"Oilpatch buyers expected to stay on the sidelines in 2020, analysts say. 'Canadian guys are facing more country risk and currency risk and regulatory risk'",2019-12-23T21:10:17.626Z
cbc,U.S. corporate insiders selling shares at fastest pace since financial crisis a decade ago. Investors watch for signs of whether insiders put more or less money into their own companies,2019-09-09T09:14:33.815Z
cbc,CannTrust hires adviser to explore sale amid unlicensed pot growing probe. Greenhill & Co. Canada will serve as the company's financial adviser,2019-07-31T21:22:43.591Z
cbc,Answers to your questions about the coronavirus. A roundup of helpful links from around the CBC,2020-05-15T21:03:24.333Z
cbc,"Quebec companies aim to dress the province's health workers in a crucial piece of 'armour'. With the outbreak of COVID-19, stockpiles of medical gowns ‘melting like snow in the sun'",2020-04-09T08:00:00.800Z
cbc,"Dow at record above 27,000 as U.S. rate cuts look likely. Powell's testimony to Congress indicates key rate could be cut in July",2019-07-11T21:09:35.619Z
cbc,"Divesting from U.S. gun industry is not so easy if you pay into Canada Pension Plan. Companies that make assault rifles, handguns, bullets among CPP investments",2019-09-04T14:29:56.368Z
cbc,"Canadian companies feeling the pinch as coronavirus takes toll on their business prospects. Sectors from retail to air travel, mining and manufacturing are bracing for impact",2020-01-28T20:12:23.039Z
cbc,"Cabinet grilled on why it took so long for premier to rule out spring election. There will be no spring election amid COVID-19 concerns, Sask. premier says",2020-03-12T20:11:25.638Z
cbc,"Prairies 'bright spot' in Canadian cannabis market as legalization anniversary nears, expert says. After initial 'bubble' in cannabis stocks, analyst expects about a half dozen companies to survive, thrive",2019-10-14T08:00:00.978Z
cbc,"Slashing all car insurance rates during COVID-19 would be 'overly simplistic,' says industry CEO. Don Forgeron says ‘adjustments’ are being made to ‘better reflect the reduced risk’ ",2020-04-24T19:10:47.739Z
cbc,"TSX falls from record high after a week of gains, U.S. markets mixed. 'I think this kind of a catch-your-breath moment for the markets, analyst said",2019-09-23T21:44:02.861Z
cbc,"Miner Teck Resources reports Q3 profit down, plans to cut 500 full-time jobs. Vancouver-based corporation says it wants to improve efficiency following Q3 profit drop",2019-10-25T21:35:30.300Z
cbc,OPINION | Kenney ignoring teachers' pension fears after AIMCo's $4-billion 'blunder'. ATA worried about pensions' future under AIMCo,2020-04-24T13:00:00.733Z
cbc,How tariffs work and why they've always mattered to Canada: Don Pittis. Trump may be changing the rules by threatening Mexico with tariffs over immigration,2019-06-05T17:23:18.368Z
cbc,"Creditor protection buys Dominion Diamond time, but an uncertain future lies ahead. One of the N.W.T.'s main employers is steps away from bankruptcy; what happens next will be critical",2020-04-24T17:37:23.245Z
cbc,Rigolet is still looking for someone to buy its gas station. The community government took over the gas station 13 years ago,2020-02-26T00:22:58.364Z
cbc,"Education, reuse key to making sure personal protective equipment lasts, says doctor. Hundreds of people have been trained to coach health-care workers on PPE use",2020-04-17T19:00:21.062Z
cbc,"More rate cuts possible if coronavirus impact worsens, Poloz says. Investors think it is a near certainty that bank will cut again next month",2020-03-05T21:02:36.019Z
cbc,Saudi Arabia taking Aramco public on Riyadh stock exchange. IPO documents say state-owned oil giant has largest liquid reserves of any company in the world,2019-11-03T18:08:09.587Z
cbc,"Farmers concerned about disruptions to spring seeding, livestock operations amid COVID-19. Fuel, chemical and seed supply worries come as farmers are getting ready to plant",2020-03-30T16:20:29.472Z
cbc,Major Canadian pot companies facing proposed class-action lawsuits in the U.S.. Each producer is accused of misleading investors or failing to disclose certain problems with their businesses,2020-01-19T09:00:00.956Z
cbc,"Saudi Aramco is now the world's most valuable company - but for how long?. In its first day of trading, Saudi Aramco soared to a valuation of $1.9 trillion US",2019-12-11T19:11:21.205Z
cbc,China warns U.S. investment curbs would hurt global economy. Foreign ministry appealed to Washington to 'meet us halfway' and resolve disputes amid tariff war,2019-09-30T16:33:17.797Z
cbc,"Canada Pension Plan board president says the retirement fund is safe, despite economic downturn. ‘This is one thing they should take off their list to worry about,’ says Mark Machin",2020-04-06T13:44:00.561Z
cbc,Trump considering delisting Chinese companies from U.S. stock exchanges. Move,2019-09-27T17:44:05.819Z
cbc,Dining during COVID-19: Andrew Coppolino's tips for getting local food online. CBC K-W's food columnist looks at how to nourish yourself in times of social distancing,2020-03-28T08:00:00.486Z
cbc,"Ottawa's Italian businesses feel effects of lockdown, from prosciutto to guided tours. Italians are only allowed to travel for work or medical reasons until April 3",2020-03-11T08:00:00.320Z
cbc,"For Alberta, the day of fiscal reckoning has arrived. Province’s economy and budget can recover, but it will require hard choices",2020-04-28T11:00:00.570Z
cbc,"Canadian e-commerce firm Shopify looks set to challenge Amazon. It's not well known among consumers, but if you shop online you’ve likely used it",2019-10-30T10:49:22.352Z
cbc,"U.S. allies complain of 'Wild West' tactics in race for medical supplies. Shipments of masks, other vital medical supplies to fight coronavirus disrupted",2020-04-05T15:50:35.201Z
cbc,Here's what the oilpatch wants in financial aid from Ottawa. Oil remains at record low prices and companies desperately want access to money,2020-04-02T08:00:00.285Z
cbc,"'I'm spending way less': How the lockdown is leading to more savings for some Canadians. Consumers pull back on spending during the pandemic, but will new habits continue when businesses reopen?",2020-04-22T08:00:00.550Z
cbc,"When 2 brewers fought over who could be crowned as a king in Canada. In 1982, Federal Court judge said Budweiser could not use phrase 'king of beers' on its packaging",2019-12-21T13:30:00.856Z
cbc,Hexo shares slip as it reports $56.7M fourth-quarter loss. Cannabis company's net revenue totalled $15.4M,2019-10-29T17:47:17.547Z
cbc,"Canadian government shopping for high-demand N95 masks on the international market. With no factory in Canada, domestic production of N95 masks is still months away",2020-04-01T16:15:50.931Z
cbc,"Suresh's picks for gyros, oysters, chicken and cheese at St. Lawrence Market. St. Lawrence Market is located at 93 Front St. E.",2019-12-19T18:17:07.271Z
cbc,"Italy heading to no-confidence vote, possible snap elections. Alliance between League and Five-Star, tenuous almost since inception, on brink of collapse",2019-08-09T12:44:14.361Z
cbc,Knowledge House appeals rejected by Nova Scotia's highest court. Once-celebrated business was a success story right up to its abrupt closure in September 2001,2020-02-05T22:00:37.981Z
cbc,Money was scarce and times were tough in P.E.I.'s Bygone Days. How some Islanders scraped together a living 100 years ago,2020-03-22T11:00:00.250Z
cbc,"The battle between black and white Air Force 1 sneakers means profit for Nike. We explain why one shade of the sneaker is ""per-shoe-na"" non grata",2019-12-07T09:00:00.947Z
cbc,"New virus could trigger travel sector woes akin to damage from SARS in 2003. Transportation, tourism companies have seen declines in share prices",2020-01-23T15:21:46.948Z
cbc,"From shopping to walks: Your coronavirus questions answered. Staying protected is all about social distancing, cleanliness with 'attention to detail'",2020-03-25T20:00:07.055Z
cbc,"Prominent scientist dares to ask: Has the COVID-19 response gone too far?. Leading epidemiologists publish duelling commentaries, igniting debate on social media",2020-03-19T08:00:00.023Z
cbc,Global pact forged to drastically cut oil production to contain price crash. OPEC and other producers agreed to cut 9.7 million barrels a day,2020-04-13T13:28:38.500Z
cbc,"Brian Pallister's pre-budget tax surprise: The premier giveth, the premier taketh away. The PST is going down again, the carbon tax is back and nobody quite knows what happens next",2020-03-06T11:00:00.880Z
cbc,"Rental vacancies up in Ottawa, but so's the rent. 2-bedroom units in city's west end led surge in rental prices in 2019",2020-01-16T19:59:05.928Z
cbc,"Whitehorse residents paint picture of what dismal rental market looks like. Median price for renting in Whitehorse is $1,050 a month, according to Yukon Bureau of Statistics",2019-07-28T13:00:00.598Z
cbc,"Potato chip punchout: How Hostess and Old Dutch fought for market share. In 1991, Old Dutch sent chips to the Ontario market, where a rival started snapping up its stock",2019-07-03T13:22:20.070Z
cbc,Tim Hortons strikes deal with Beyond Meat to offer plant-based breakfast sandwiches. Coffee chain is 2nd in Canada to offer Beyond Meat's products,2019-06-12T18:31:25.133Z
cbc,"TD Ameritrade to be bought by Charles Schwab in $26B brokerage blockbuster. TD Bank will own about 13% of combined company, which will control about control 24 million accounts",2019-11-25T13:24:19.182Z
cbc,"Housing crisis forcing domestic violence victims to stay longer in shelters. Length of stays on the rise in Guelph, Waterloo region",2020-03-13T09:26:00.336Z
cbc,"Trump barks at Fed but offers no fresh details on trade in speech. Trump said the U.S. is close to signing a ""phase one"" trade deal with China",2019-11-12T18:28:14.375Z
cbc,"Netflix loses U.S. subscribers for the first time ever, stock sinks 11%. Drop-off comes as company faces challenges from a star-studded cast of entertainment and technology companies",2019-07-18T13:22:22.174Z
cbc,Cigarette giants Altria and Philip Morris in merger talks. All-stock proposal seen as a bid for alternative revenue streams as sales fall,2019-08-27T15:44:44.743Z
cbc,"Watch for signs of financial abuse of seniors, securities commission warns after mortgage salesperson charged. Bret Allan Dobbin allegedly involved in transactions totaling more than $500K: Manitoba Securities Commission",2020-01-23T01:23:02.305Z
cbc,Doctor feel-good practising without a licence: Winnipeg police bust illegal cannabis operation. Dr. Kush warehouse in Sargent Park subject of raid where 'sophisticated' business operating outside of the law,2020-04-18T03:49:31.170Z
cbc,"Montreal to publish names of delinquent landlords in bid to improve rental availability. With rental vacancy rate at lowest in 15 years, city says release of data will prod landlords to make repairs",2020-02-06T23:27:33.131Z
cbc,"Nissan results reflect falling sales, organizational turmoil. Automaker 'underperformed' in U.S., Europe, and Japan, incoming CFO says",2019-11-12T13:28:16.009Z
cbc,Oil price jumps on fear of Iranian retaliation over U.S. killing of top general. Iran previously threatened supply of oil that travels through the Persian Gulf,2020-01-03T19:23:57.535Z
cbc,"How to talk to children and address their coronavirus concerns. Be honest and don't keep them in the dark, youth psychiatrist says",2020-03-16T14:49:08.870Z
cbc,Inter Pipeline shares lose some of last week's takeover speculation gains. Calgary-based company recently rejected unsolicited takeover from unnamed bidder,2019-08-12T17:30:30.177Z
cbc,"COVID-19 delays research into connection between climate change, redfish boom. 'It seems that redfish are kind of enjoying those new conditions in the Gulf,' says DFO researcher",2020-04-13T09:00:00.807Z
cbc,Discount broker Charles Schwab in talks to buy TD Ameritrade. Industry profits are under pressure from a shift to zero commission,2019-11-21T16:08:40.521Z
cbc,Acadian Timber shares fall after Brookfield sells its 45% stake to Macer. Brookfield sold its stake to Macer for $128 million or $17 per share,2019-08-22T18:16:51.331Z
cbc,Airbnb to become publicly traded company next year. Short-term rental company's shares will be on stock exchange,2019-09-19T15:21:38.972Z
cbc,60% of Albertans say they're $200 or less away from not being able to pay their bills amid crisis. MNP survey finds many 'heading into economic survival mode' during pandemic,2020-03-30T18:19:57.051Z
cbc,"Shareholders in HBC propose to take the company private. Takeover group includes executive chairman, but also backing of office leasing firm WeWork",2019-06-10T19:33:42.371Z
cbc,"Threat of U.S. tariffs on Mexico roils markets, dims hopes for new NAFTA. Auto stocks dive, oil knocked lower on news of 5% tariff on all imports by June 10",2019-05-31T20:59:06.078Z
cbc,U of A steps closer to developing lands near south campus. Michener Park likely first up for redevelopment,2020-02-03T14:00:00.811Z
cbc,Stocks move higher on word that U.S. and China will hold trade talks next month. Phone discussions went well so moving on to next step,2019-09-05T15:20:49.292Z
cbc,"Hamilton job market 'healthy,' slower in St. Catharines-Niagara: economist. Employment up in most Canadian areas, says Conference Board of Canada",2019-07-08T21:37:04.923Z
cbc,New Molson Coors CEO to address flat beer market with spiked seltzers. Gavin Hattersley will replace Mark Hunter as Molson Coors Brewing Co. CEO who retires next month,2019-07-31T20:53:08.364Z
cbc,In fashion: Edmonton's second-hand market event draws hundreds. 'There’s no stigma against it anymore',2019-09-15T18:00:00.556Z
cbc,"BMO restructuring charge to lead to hundreds of job losses. BMO says restructuring charge to affect about 5% of global workforce, without offering specifics",2019-12-03T18:44:51.624Z
cbc,Uber loses $5.24B in Q2 after post-IPO stock payouts. Ride-hailing giant said it paid $3.9 billion in stock-based compensation and expenses during the quarter,2019-08-08T21:30:03.473Z
cbc,"How to use canned vegetables when you've run out of fresh. Adding canned callaloo, artichokes and okra to your grocery list is a very good idea",2020-04-22T22:44:48.911Z
cbc,"Fitbit bought by Google for $2.1B. Deal is pending regulatory approval, Google says Fitbit could move or delete their data",2019-11-01T14:44:23.245Z
cbc,Is downtown Summerside 'prime' for a new grocery store?. 'I think you have a win-win',2019-09-25T09:00:00.900Z
cbc,"Conservation Council recommends more local food security as part of COVID-19 recovery plan. Group also calls for more protection of natural areas and more reliable, affordable electricity system ",2020-04-24T14:13:26.821Z
cbc,"City's climate plan calls for smaller homes, cleaner cars. But latest inventory shows greenhouse gas emissions rising, not falling",2019-12-14T09:00:00.596Z
cbc,"What profits at Canada's big banks are saying about the odds of a recession. Royal and CIBC revealed numbers last week. Now it's BMO, Scotia and TD's turn",2019-08-27T19:21:29.431Z
cbc,"City, province vow to find solutions as company threatens to close 4 recycling centres. TIRU says it can't handle the volume of material after China banned importing waste",2020-01-23T20:55:40.511Z
cbc,"Michael Avenatti prosecutors rest case, play recording of alleged threat against Nike. Prosecutor says Avenatti was motivated by mounting debt to extort Nike",2020-02-11T17:22:54.043Z
cbc,"Winners, losers and highlights from Manitoba's 2020 budget. Budget highlights include $300M for rainy-day fund, $100M for emergency expenditures",2020-03-19T22:07:35.083Z
cbc,"Yes, computers really are taking jobs from humans — especially in banking: Don Pittis. Study shows automation and artificial intelligence will cut 10% of banking jobs alone",2019-10-03T17:43:38.267Z
cbc,"Province not prepared to ease policies as housing market sputters. Vancouver homeowners cite rising taxes, falling equity; NDP argues moderation is improving affordability",2019-05-23T20:49:04.283Z
cbc,"Vancouver needs 10,000 affordable housing units a year to address rental 'backlog,' report advises. There’s a mismatch between what’s being built and what renters need, says economist Mark Lee",2019-12-12T21:08:33.994Z
cbc,"Quebec government under fire for ignoring COVID-19 impact in new budget. Premier says government will intervene if necessary, but current spending enough to deal with outbreak",2020-03-11T22:37:06.823Z
cbc,"BlackRock, world's largest asset manager, changing its focus to climate change. 'In the near future  … there will be a significant reallocation of capital,' CEO says",2020-01-14T21:28:33.935Z
cbc,"Canopy Growth won't cut jobs despite losses, interim CEO insists. 'We simply don't have enough places to sell our product in Ontario'",2019-11-15T19:20:10.559Z
cbc,"COVID-19 unknowns leave economy dazed and wobbly: Don Pittis. It is certain the world will recover, but doubts remain over when and how",2020-03-17T09:49:27.519Z
cbc,"Syria braces for lockdown after 1st COVID-19 case, as Iran outbreak worsens. Health-care system in Syria has been devastated by nearly decade of civil war",2020-03-23T20:51:04.480Z
cbc,"CIBC, TD close bleak 4th-quarter earning season with lower profit. CIBC drew an impairment charge for the sale of its stake in Barbadian bank",2019-12-05T18:59:20.017Z
cbc,Coronavirus puts a spotlight on the moral compass of America. The individualism the U.S. was founded on might not serve it well in the current public health crisis,2020-03-23T11:03:57.727Z
cbc,Coal and bitumen: Why the Norwegian pension fund is ditching the oilsands. KLP executive explains decision to sell $77M in shares of oilsands companies,2019-10-08T16:00:31.441Z
cbc,German prosecutors indict top Volkswagen bosses over emissions scandal. U.S. also charges Fiat Chrysler senior manager with conspiracy to mislead regulators,2019-09-24T16:44:16.732Z
cbc,"China launches WTO case against U.S. tariffs. After fresh round of tit-for-tat tariffs, China's manufacturing sector is hurting",2019-09-02T13:53:58.883Z
cbc,Rising Vanier house prices spark gentrification fears. Average selling price of a home has risen 11% in last 12 months,2019-08-08T08:00:00.085Z
cbc,"Essex man sleeping in scooter after town's order to leave 'hazardous' apartment. 70-year-old struggling with long wait list for affordable housing, rising rental rates",2020-03-10T12:14:50.756Z
cbc,"Vacancy rate on the rise in Regina, so why isn't the cost of rent going down?. Some residents struggle to afford rent in Regina despite oversupply",2019-10-08T11:00:00.972Z
cbc,U.S. stocks reach new highs after rumours of 50% cut on Chinese tariffs. President Donald Trump says U.S. is 'very close' to nailing down trade deal with China,2019-12-12T20:50:15.943Z
cbc,When the Hudson's Bay Company said farewell to furs. 'It's certainly not the business it used to be a decade ago',2020-01-30T14:38:25.428Z
cbc,"Southwestern Ontario hospitals could run out of surgical face masks in 5 days, officials warn. 500,000 masks have been ordered but are being held at Chinese customs, Ontario Nurses Association says",2020-04-04T18:19:43.887Z
cbc,Words of calm and consolation during the coronavirus crisis. Thoughts on everything from keeping a distance to keeping the faith,2020-03-17T14:00:00.371Z
cbc,Falling Hong Kong markets another example of hardline failure: Don Pittis. Warning: This story contains a graphic photo some readers may find disturbing,2019-11-12T19:20:02.762Z
cbc,Hall of Fame golfer and LPGA great Mickey Wright dies at 85. American won 82 tournaments including 13 majors,2020-02-18T03:54:31.255Z
cbc,Equipment dealer blames farm trade wars as plans for aggressive growth stall. Rocky Mountain Dealerships Inc. cites Canada's inability to solve trade disputes,2019-07-31T17:44:11.538Z
cbc,Hajdu says some provinces face a 'deficit' of medical supplies as COVID-19 cases rise. Canada to repatriate passengers on Grand Princess cruise ship,2020-03-09T23:03:21.528Z
cbc,Spicing up your life with expanded seasonings is the goal of new farmer's market project. Bringing in more wish-list spices and seasonings to make newcomers feel more at home,2019-11-24T17:15:36.908Z
cbc,"Alberta cannabis industry readies for edibles, but details still murky. Tight regulations have unintended consequences, create waste, retailers and producers say",2019-10-17T12:00:00.221Z
cbc,"Under Armour being investigated over accounting practices, company confirms. Shares fell as a result for Under Armour, which announced CEO transition last month",2019-11-04T17:51:18.700Z
cbc,"U.S. central bank cuts interest rate for 1st time since 2008. Move trims U.S. rate by quarter point to 2.25%, closer to Bank of Canada's",2019-07-31T19:56:58.928Z
cbc,Capital One hack snags data on 106 million people — including 6 million in Canada. Credit card breach is among largest on record of a major financial institution,2019-07-30T15:54:13.486Z
cbc,"City of Regina warns owners to pay back taxes or risk losing property. Market value exceeds property taxes in all cases, city report says",2019-10-03T14:13:47.344Z
cbc,"Despite a strong economy, cost of living still top of mind for Canadians. An accounting of the economic data shows that perceptions don't quite match reality",2019-07-02T09:46:36.698Z
cbc,"U.S. Fed says monetary policy will remain 'non-political' after Trump-Powell meeting. Trump summons Fed chairman to White House to discuss economy, interest rates",2019-11-18T20:08:49.361Z
cbc,"Fact-checking farmers markets: Calgary vendors, managers want stricter regulations. Province says vendors are responsible for ensuring practices meet legal regulations",2019-07-07T18:46:02.976Z
cbc,Ontario Cannabis Store runs out of edibles just hours after online sales begin. Edible cannabis products could be purchased online as of 9 a.m. Thursday,2020-01-16T23:16:35.655Z
cbc,Oilsands pipeline firm Inter Pipeline posts record Q2 net income of $260M. Increase comes despite only slight rise in revenue ,2019-08-08T23:19:50.864Z
cbc,"'Now is the time for action,' says Mayor Valérie Plante, as Montreal vacancy rate hits 15-year low. Tenants' advocates worry critical housing shortage will lead to 'renters finding themselves on the streets'",2020-01-16T09:30:00.414Z
cbc,Luxury conglomerate LVMH to buy Tiffany for $16.2B US. Companies expect to close the deal in mid 2020,2019-11-25T12:16:25.943Z
cbc,"U.S. nears goal line in coronavirus stimulus negotiations, Senate leaders say. Trump hopes economy is 'raring to go' by April 12, but WHO concerned about U.S. disease response",2020-03-24T22:47:06.056Z
cbc,Province announces forestry innovation rebate program. $5M will be available in each of the next 2 years for rebates of 25 per cent,2020-02-19T19:45:14.634Z
cbc,"Burning biomass in N.S. will speed up the climate crisis, warns MIT prof. ‘Every time somebody switches from coal or oil to wood they're making climate change worse’",2020-02-14T11:30:00.481Z
cbc,Hopes for trade war truce emerge as U.S. scales back Chinese tariff threat. Investors welcome tiny clue that world's 2 largest economies may be sorting out their trade war,2019-08-13T17:30:22.317Z
cbc,How the coronavirus has helped push down the wholesale price of coffee 30% in a month. Even one of the most popular drinks in the world isn't immune to the virus's impact,2020-02-07T09:00:00.149Z
cbc,"Faced with rental housing crisis, Rosemont—La Petite-Patrie moves to restrict Airbnbs. Borough cracks down on hundreds of property owners who are turning apartments into hotels",2020-02-12T09:00:00.767Z
cbc,"CBC News poll: Why the economic crisis could speed up transition to renewable energy. Poll suggests Albertans support energy transition, but it’s complicated",2020-04-16T11:00:00.496Z
cbc,What's open and closed for Christmas Day and Boxing Day 2019 in Halifax. Spoiler alert: most stores and services are closed on the 25th and 26th,2019-12-24T13:17:01.756Z
cbc,The small change that meant big losses for lobstermen. Americans upped the minimum allowable size of lobster for import in 1989,2019-12-13T13:30:00.823Z
cbc,"Job-hunting in a pandemic: 'Take a breath because it's not going to be easy'. Layoffs, pay cuts sweep across the economy — but some sectors are still hiring ",2020-03-24T08:00:00.650Z
cbc,Husky Energy announces layoffs. Calgary-based firm cuts staff as it 'aligns' workforce with reduced capital spending,2019-10-23T02:17:33.256Z
cbc,"DFO will soon use satellites to fight illegal fishing worldwide. 'I think that's quite a critical mission for our department and for Canada,' says federal official",2019-08-23T11:43:37.399Z
cbc,How COVID-19 blew up the Doug Ford government's budget. Ontario’s 2020-21 spending plan makes optimistic assumption that economy won’t shrink this year,2020-03-25T21:01:32.096Z
cbc,"Air Canada's Transat deal requires additional scrutiny, minister says. Transport Minister calls for input from competition commissioner",2019-08-26T23:24:35.646Z
cbc,Heavily Canadian Cup champion Blues visit Trump at White House as full team. Just 1 American remains on St. Louis roster that defeated Boston last season,2019-10-15T22:57:55.281Z
cbc,"New Year brings new taxes, rates, regulations in Sask.. Property tax rates set to increase in Saskatoon and Regina among other changes in 2020",2020-01-01T22:44:39.902Z
cbc,Gambling chain Caesars to be taken over by Eldorado Resorts in $17B deal. Acquisition puts about 60 casinos and resorts in 16 states under a single name,2019-06-24T12:37:00.301Z
cbc,"Limited supply of cannabis edibles nearly ready in N.L.. 'Start low, go slow,' advises NLC's cannabis project lead Peter Murphy",2019-12-16T17:35:03.244Z
cbc,"25 years in the making, model train display destroyed by vandals. Donations have poured in to help the U.K. club, including from Sir Rod Stewart",2019-08-19T19:26:03.053Z
cbc,"How Sask. businesses are 'navigating the unknown' and adapting to stay afloat during COVID-19. From food and drink to working out, nearly everything has changed because of the pandemic",2020-04-21T18:30:57.320Z
cbc,"Cupcakes, podcasts and Instagram: How churches are navigating the pandemic. The opportunities and challenges of providing worship amidst COVID-19",2020-03-22T16:03:14.103Z
cbc,Canadian and U.S. economies are converging but danger lurks: Don Pittis. Poloz and Wilkins warn that markets overestimate the power of a rate-cut quick fix,2019-07-11T16:01:07.313Z
cbc,"Trump declares national emergency to contain coronavirus. Deal struck with White House on aid package, House Speaker Nancy Pelosi says ",2020-03-13T22:38:41.848Z
cbc,Sweetened bid for HBC by Baker-led shareholder group gets board's approval. Group has agreed to pay $10.30 per share in cash to take the company private,2019-10-21T17:57:25.422Z
cbc,Moody's loses confidence in Dominion Diamond's ability to pay back $550M bond. Bond it owes creditors set to come due at same time 2 N.W.T. mines expected to wind down ,2019-10-23T10:00:00.449Z
cbc,Yellowknife's housing market slows as economic slump looms on the horizon: CMHC. CMHC's annual report on Northern housing shows mixed outlook across the 3 territories ,2019-08-29T10:00:00.306Z
cbc,"St. John's housing prices will lead country in growth, according to Moody's. Economist says below-trend prices, drop in unemployment rate leading to predicted increase",2019-05-26T11:26:15.806Z
cbc,B.C. braces for economic impact as coronavirus cancellations pile up. Tourism industry expected to take 'significant' hit as Canada bans cruise ships and big events are suspended,2020-03-14T16:00:00.588Z
cbc,Beyond Meat eyes production in Asia before the end of 2020. Plant-based food market expected to explode to $140 billion US over next decade ,2019-11-07T20:44:14.024Z
cbc,New housing opening in northern B.C. for Indigenous patients who have to travel for medical appointments. The units will be close to medical centres in Prince George and Fort St. John,2020-01-21T22:36:34.900Z
cbc,Cree Nation Bears Hockey benched for 2019-2020 as funding cut. Organization loses 75 per cent of its operating budget for next season,2019-06-13T08:00:00.673Z
cbc,"'Pelting out' of Cox's Cove mink farm latest sign of trouble in N.L. fur industry. A sagging market has crippled farmers as closures, consolidation overtakes the industry",2019-12-11T11:30:00.990Z
cbc,"Street food with a side of ""good vibes"" at Hamilton's 1st night market. Market 'exceeded expectations,' says organizers",2019-08-05T21:53:11.636Z
cbc,"When it comes to personal finances, most Canadian voters have the same concerns. Canada is a vast and diverse country, but data shows many of us are facing similar economic challenges",2019-09-15T15:46:17.570Z
cbc,"Pembina CEO says Trans Mountain pipeline bid is unlikely despite Kinder Morgan deal. Deal also includes U.S. portion of 110,000 barrel pipeline between Alberta and Illinois",2019-08-21T19:41:30.939Z
cbc,"Crude price plummet raises spectre of spending cuts, job losses in Canadian oilpatch. 'This is one of the biggest shocks we've seen in the last 40 years,' analyst says",2020-03-12T04:20:47.789Z
cbc,Coronavirus: Here's what's happening in Canada and around the world on March 13. The federal government warns Canadians against travelling outside of the country,2020-03-14T02:33:15.479Z
cbc,The pandemic is creating a season of anxiety in hard-hit farm sectors. Canada isn't running out of food — but some producers may be running out of time,2020-05-06T11:29:15.204Z
cbc,Trudeau's crisis calendar is overflowing - could climate change get pushed to the margins?. The government's ability to manage multiple emergencies is being sorely tested,2020-03-01T09:00:00.569Z
cbc,Investors are paying bond sellers to take their money in these crazy economic times. Governments running up deficits that taxpayers must repay is an equally bad idea,2019-10-06T01:44:47.512Z
cbc,Airbnb to verify all 7 million properties to improve user trust. Changes follow a deadly Halloween party shooting in an Airbnb in California,2019-11-07T19:12:49.338Z
cbc,Inter Pipeline confirms takeover offer on regulator request after stock halted. Calgary-based company issues brief statement an hour after stock halted,2019-08-10T00:09:20.628Z
cbc,"Canopy Growth announces joint venture with Drake. Drake now majority owner of More Life Growth, which plans to sell cannabis and related products",2019-11-07T16:35:28.124Z
cbc,"Air Canada plans to hire 350 pilots ahead of eventual Boeing 737 Max return. Airline had to cancel relatively few flights after Max grounding, but needed to lease planes",2019-10-29T20:22:41.187Z
cbc,"European Central Bank holds rates, but paves way for possible stimulus. More stimulus could be coming soon to support an economy weakening in the face of global trade tensions",2019-07-25T16:30:42.108Z
cbc,"Juul to stop selling most flavoured vaping pods in Canada. Vaping company to halt production of mango, vanilla, fruit and cucumber varieties",2020-01-14T21:45:29.982Z
cbc,"What you need to know about COVID-19 in Alberta on March 12, 2020. Infection of child in Calgary brings confirmed cases to 23",2020-03-13T01:53:13.611Z
cbc,"Fed saw last month less risk of U.S. recession. Central bank noted U.S. economy 'showing resilience' despite trade war, according to minutes of Dec. meeting",2020-01-03T20:12:54.491Z
cbc,"Ontario's rising rents hurt the poor, Ottawa advocates say. Province raises cap on rent increase to 2.2% for 2020, highest hike since 2013",2020-01-04T01:06:40.655Z
cbc,"Democrats might have the edge over Trump, whether or not they want to believe it . Trump will have some advantages going into the election, but there are ample signs he's in trouble",2020-03-12T11:09:06.894Z
cbc,"U.S. Congress launches antitrust probe into big tech companies. Officials didn't say which firms are being investigated, as shares in Facebook, Google, Amazon and Apple fall ",2019-06-04T18:45:03.775Z
cbc,"Higgs government delivers 2nd balanced budget, projects $92M surplus in 2020-21. People's Alliance likes budget, but Green MLAs still making up mind ",2020-03-10T20:07:16.417Z
cbc,SaskEnergy to launch rebate program for high-efficiency furnaces. Crown corporation's annual report released Thursday,2019-07-04T22:49:09.856Z
cbc,"'My heart is here': Lighthouse Fish Market for sale, after 34 years on James Street. Local Hamilton grocer in 'no rush' to close",2019-08-29T08:01:00.909Z
cbc,Trade war rhetoric between U.S. and China eases Tuesday as Beijing revalues yuan. Escalating tensions on Monday give way to cooler heads on Tuesday,2019-08-06T20:04:48.890Z
cbc,"Support coming for Canadians quarantined due to coronavirus, finance minister says. Liberal government will increase the risk adjustment provision in the upcoming budget",2020-03-06T19:02:47.729Z
cbc,"'Just nothing available,' says P.E.I. housing navigator. P.E.I. vacancy rate is at a record low",2019-07-24T10:27:25.672Z
cbc,"How Charlottetown has become one of the hottest housing markets in Canada. New stock, new uses driving prices",2019-07-31T11:58:02.141Z
cbc,Are 2020's tax changes 'significant' or 'a wash'?. Liberals' promised tax cut may help 20 million Canadians - but only a little,2019-12-31T17:33:08.257Z
cbc,"Closed stores, grounded airlines as COVID-19 limits business. Businesses responding to lower demand, trying to mitigate risks amid outbreak",2020-03-16T08:00:00.051Z
cbc,"Enbridge tops up Mainline capacity, boosting oil export options slightly for western Canadian producers. Calgary-based company says it'll soon be able to ship extra 100,000 bpd on Mainline system",2019-11-08T21:45:08.380Z
cbc,"Brand new TCHC residence opens in Regent Park just in time for the holidays. Tenants will begin moving in this week, mayor says",2019-12-15T22:18:36.386Z
cbc,What's next for Canada if the WHO calls COVID-19 a pandemic?. Schools could close and elective surgeries could be cancelled as officials work to stop spread of virus,2020-02-29T16:49:40.528Z
cbc,WeWork CEO stepping aside amid questions about how company is run. Wall Street has raised questions about the company's lack of profits ahead of planned IPO,2019-09-24T20:24:58.235Z
cbc,"Chinese yuan falls to 11-year low amid trade tensions. After Trump pledges more tariffs, China allows currency to fall and threatens agricultural tariffs",2019-08-05T19:21:14.262Z
cbc,"Ring of Fire was 'overhyped,' but still 'worth the effort' says Noront Resources. Current plan is for construction of mine to start in 2021 and to open in 2024",2020-03-02T11:00:00.361Z
cbc,Prescribed version of heartburn drug Zantac recalled worldwide as a 'precaution'. U.S. regulator finds 'unacceptable' levels of probable cancer-causing impurity NDMA,2019-10-09T21:53:39.263Z
cbc,"New P.E.I. dealership for used electric cars aims to fill 'significant gap' in market. First in the Maritimes, says association that represents industry",2019-08-13T09:00:00.828Z
cbc,"What's happening in the 'repo' loan market and why does it matter?. Rates in obscure part of U.S. lending market spiked this week, prompting fears of broader problems",2019-09-19T14:23:36.921Z
cbc,Canfor privatization deal called off after failing to win shareholder support. Jim Pattison Group's $16-per-share offer had just 45% support from lumber producer's minority shareholders,2019-12-17T19:04:03.828Z
cbc,"After 163 weeks in office, Trump gets his defining crisis. Trump's reaction to the pandemic confused Americans, annoyed allies and rattled financial markets",2020-03-13T22:40:32.541Z
cbc,"Quebec business owners say Groupon owes them cash as its northern presence fades. Company shuttered its Montreal sales office in March, and local businesses say it's been hard to get in touch",2019-06-07T21:05:47.253Z
cbc,Houses in New Brunswick selling at unusually fast rate. Increase in home sales backed by record-setting month in May,2019-07-05T19:41:33.666Z
cbc,Pandemic panic sees seed sales spike. Seed distributors are struggling to keep up with sudden demand amid reduced labour,2020-04-07T10:00:00.897Z
cbc,Edmonton-based cannabis retailer set to grow with investment from global retailer. Couche-Tard makes strategic cannabis move with investment in Fire & Flower,2019-07-24T15:12:52.931Z
cbc,"CannTrust's cannabis sales put on hold by Health Canada for unlicensed growing. Company cautions consumers to expect shortages, analyst warns of financial impact",2019-07-08T20:03:11.047Z
cbc,Hampton getting new seniors apartments. Non-profit board says building will allow more people to stay in the small community,2019-05-27T19:02:32.599Z
cbc,"Canadians must think like investors in oil and gas: Don Pittis. If you could invest your own pension savings in fossil fuels, would you?",2019-10-15T16:44:53.565Z
cbc,"Uber loses $1B in quarter in first results since IPO. Rail-hailing service boosts revenue 20%, but is struggling to hold its market share",2019-05-31T18:01:55.730Z
cbc,"OPINION | Federal carbon tax and Teck Frontier: Jason Kenney wins one, loses another. For Alberta's premier, a win and a loss don't add up to the status quo",2020-02-25T13:00:00.098Z
cbc,Ontario health-care workers' pension has up to $430M at stake in Danish tax dispute. Denmark alleges HOOPP wasn't entitled to huge rebates it claimed on stock dividends,2019-09-15T21:05:08.632Z
cbc,"Apple warns coronavirus in China will cut iPhone production, sales. Company says it will not meet revenue guidance for March quarter",2020-02-18T00:23:39.918Z
cbc,Alberta's economic decline will be the 'most severe' the province has ever seen: RBC. Research firm says Western Canada will need to cut oil production by more than 10%,2020-03-27T00:39:17.243Z
cbc,Inter Pipeline bid highlights bright spot in Canada's oil sector. Calgary oilsands pipeline firm posted record Q2 net income of $260M last week,2019-08-16T14:53:17.626Z
cbc,"In light of seal predation report, FFAW calls for government action. Union head Keith Sullivan fears N.L. will share fate with low Gulf of St. Lawrence stocks",2019-08-28T17:03:33.549Z
cbc,"U.S. states, hospitals plead for help as Trump approves coronavirus aid bill. Trump also signs order under Defense Production Act, requiring GM to produce ventilators",2020-03-27T22:57:40.704Z
cbc,"Forcing builders to include low-income units not a solution, say developers. Social Development Minister Dorothy Shephard open to exploring inclusionary zoning ",2019-12-12T22:02:52.995Z
cbc,"She fled domestic abuse. Now she and her daughter are victims of the housing crisis. Shelters are full, wait lists are long and market rents are too high for most single mothers",2019-11-12T22:40:48.168Z
cbc,Canadian Tire buys all Party City stores in Canada for $175M. Canadian Tire plans to double sales within two years,2019-08-08T18:33:24.815Z
cbc,WeWork shelves plans to go public. Parent company said Monday it will file to withdraw its initial public offering for now,2019-09-30T19:25:17.191Z
cbc,"Name calling and market pressure may curb U.S. Fed's independence: Don Pittis. With few signs of recession, could Jerome  Powell leave rates unchanged even if he wanted to?",2019-09-16T08:00:00.739Z
cbc,Lobster fishing season in northern New Brunswick delayed 2 weeks. Season will open May 15 ,2020-04-22T20:57:35.691Z
cbc,Kate's 5 fun things to do this weekend (May 31 to June 2). Weekend events vary from a film fest to duelling artists to a beer fest and dancing,2019-05-31T19:06:43.598Z
cbc,9 great books on the science of love. The mathematical equation for “happily ever after” and other data-driven revelations,2020-02-12T18:18:51.121Z
cbc,Federal Reserve holds key interest rate steady — but its patience is wearing thin. U.S. central bank keeps benchmark rate in range between 2.25% and 2.5%,2019-06-19T19:19:33.280Z
cbc,"Rising home prices encourage consumers to borrow and spend, giving economy a boost. Bank of Canada study analyzes spending triggered by borrowing against the house",2019-09-20T19:59:08.012Z
cbc,Husky Energy shares rise on analyst report about potential privatization. Husky isn't commenting on any speculation,2019-08-19T23:02:33.834Z
cbc,"Trump touts economy, strong employment in state of the union. Trump did not mention his impeachment focusing instead on why he should be re-elected",2020-02-05T12:10:40.091Z
cbc,Seed sellers see business bloom as pandemic pushes demand. Some worry sudden interest from homebound gardeners could strain seed supply,2020-04-20T16:00:00.813Z
cbc,'Don't come in if you're sick': NB Pharmacists try to manage COVID-19 rush. Customers complain 30-day limit on refills triples their drug costs.,2020-03-19T22:45:36.748Z
cbc,"Amid 'astronomical' house prices, councillors push for bigger tax rebate in first-time buyers' pockets. Some warn proposal could curb city revenue stream, push up home prices",2020-01-25T16:18:17.343Z
cbc,'No gatherings of over 50' among new recommendations announced by officials to curb spread of COVID-19. Provincial budget postponed; new legislation coming to help workers affected by COVID-19 measures,2020-03-16T22:51:29.454Z
cbc,How to take advantage of a real estate buyers' market.  Metro Vancouver home sales 43% below April's 10-year average as buyers wait it out,2019-05-25T18:00:00.653Z
cbc,"British budget confronts challenges of coronavirus, post-Brexit economy. New finance minister's budget preceded by half-point Bank of England rate cut",2020-03-11T14:22:42.776Z
cbc,Bank of Canada holds interest rates steady. Holds benchmark interest rate at 1.75 per cent,2019-12-04T15:22:46.426Z
cbc,How produce stickers contribute to climate change. Also: The biggest players in battery storage,2020-02-14T19:02:58.599Z
cbc,"Kenney heads to Ottawa to demand urgent help from federal Liberals, warning Alberta faces 'triple whammy'. 'It's time for Ottawa to have Alberta's back'",2020-03-11T21:24:03.530Z
cbc,"Staff vacancies, 'favourable weather' behind Edmonton's $20M surplus in 2019. City took in less than expected in transit fares, construction permits, taxes",2020-03-09T23:17:15.228Z
cbc,"Oil prices take biggest plunge in decades, taking another bite out of reeling Alberta. Alberta Premier Kenney, with softened tone, shifts emphasis from restraint to protection of economy, jobs",2020-03-10T17:11:03.481Z
cbc,U.S. suspends plans to hike tariffs Tuesday on Chinese imports. The tariffs on $250 billion in Chinese imports were set to rise Tuesday from 25% to 30%,2019-10-11T21:55:05.116Z
cbc,"Winners and losers from Teck's decision to pull the plug on Frontier oilsands project. What the unexpected move means for the federal government, investors, climate and Indigenous groups",2020-02-25T19:57:10.189Z
cbc,"OPINION | Opposition betting on Alberta premier's slumping popularity. NDP now sees Kenney as a political liability to the UCP, not an unbeatable asset",2020-03-06T14:00:00.107Z
cbc,"Intensive care for Alberta cities:  Listen to the latest West of Centre episode. Politicians, pundits and others chat about the priorities, preoccupations and politics of Western Canada",2020-05-14T22:56:29.660Z
cbc,"Taiwan's election being watched closely in Beijing, Washington. Backlash against Beijing pressure aimed at Taiwan, Hong Kong could propel Tsai Ing-wen to new term",2020-01-10T13:55:26.651Z
cbc,U.S. corporate leaders swing left to fix 'frayed' American dream: Don Pittis. But critics call 11th-hour conversion a smokescreen to block new rules and taxes,2019-08-20T14:24:04.268Z
cbc,"No toilet paper, no problem: Maybe it's time to try the bidet. 'Why have we been indoctrinated to believe that ... dry paper properly cleans the dirtiest part of our body?'",2020-03-15T15:55:04.033Z
cbc,Criminal artificial intelligence may be coming for your money: Don Pittis. 'Deep fake' rip-off of British energy company sounds a warning bell,2019-09-06T08:00:00.465Z
cbc,Powell hints Federal Reserve will cut rates if needed over trade wars. Expectations are rising that the Fed will cut rates at least once and possibly twice before year's end,2019-06-04T16:17:29.287Z
cbc,"Province to spend $629K on new affordable housing units over 3 years, $12M on repairs. Rent supplements cut to spend $2M on emergency shelter beds with 500 people across New Brunswick homeless",2019-12-11T01:22:04.249Z
cbc,'This is a crisis': N.W.T. survey shows worsening housing conditions. 2019 NWT Community Survey says 42% of all households have at least one major problem,2019-11-29T19:16:32.327Z
cbc,"Lacking customers and suppliers, Cape Breton natural gas project faces uncertain future. Bear Head LNG project was recently granted extension to construction permit by Utility and Review Board",2020-01-02T10:00:00.317Z
cbc,Land-based salmon farm proposed for Grande-Anse. Fish would spend their entire lives — from eggs to harvest — on land,2019-12-13T09:00:00.507Z
cbc,"U.S., China grant trade concessions as fresh talks loom. Trump announced 2-week delay to increased tariffs on Chinese imports 'as a gesture of goodwill'",2019-09-12T15:04:59.879Z
cbc,"'We are not in a crisis': New N.W.T. government delivers $1.9B budget. Fiscal situation is 'not what was hoped in the last budget but it is manageable,' says finance minister",2020-02-28T21:31:31.452Z
cbc,Hundreds turn out for Fort McMurray's 1st retail cannabis store. 'I’m just pumped to get it now and I want to go home and try out some supply',2019-06-27T12:00:00.034Z
cbc,'None of them speak my language': Frustration with politicians echoes across Canada: Peter Mansbridge. Talking with average Canadians reveals an undercurrent of feeling ahead of Monday’s federal election,2019-10-18T08:00:00.059Z
cbc,Alibaba founder Jack Ma steps down as chairman of Chinese e-commerce giant. Chinese retailers facing uncertainty as Beijing and Washington battle over trade,2019-09-10T06:33:17.482Z
cbc,'A mother should never ever have to be put in this position': Chilliwack mom on brink of homelessness. Michelle Paquette cares for 5 children; 2 have disabilities,2019-12-13T11:00:00.331Z
cbc,"Kate's 5 fun things to do this weekend (Sept. 20 to 22). Doors Open is this weekend, along with a peace concert and the Open Sky Festival",2019-09-20T15:24:32.883Z
cbc,"WeWork hype was never anything more than 'unicorn feces,' says business prof. The real-estate startup dazzled investors by painting itself as a technology company, says Scott Galloway",2019-10-24T22:13:22.825Z
cbc,"New cabinet must make the best of an uncertain economic outlook: Don Pittis. Market indicators turn optimistic on global economy but others say, 'Hold on'",2019-12-03T18:42:34.835Z
cbc,Pot producers implore Ontario to open more stores. Just 24 legal retailers open in Ontario compared to 324 in Alberta,2019-11-13T19:20:52.424Z
cbc,Meet The Montreal Children's Library — our CBC charity of 2019. The 90-year-old library was created by 7 women who wanted to boost literacy,2019-12-04T20:30:38.953Z
cbc,"Thefts in hospitals lead to lockup of masks, protective gear amid COVID-19 supply shortage. Nurses' frustrations grow as hospitals seek to ration crucial PPE supplies in COVID-19 crisis",2020-04-10T00:44:17.390Z
cbc,"Emboldened by impending acquittal, Trump uses state of the union as stump speech. An emboldened U.S. president sees little reason to reach across the aisle",2020-02-06T00:30:25.588Z
cbc,New picture book about the ABCs of aviation aims to inspire little girls and boys to fly. Main character honours one of Canada's first Indigenous female commercial pilots,2019-08-13T19:00:00.457Z
cbc,"U.S. reports on GDP, consumer spending remain positive. Improvement in economic data seemingly reduces the risks of a recession in the near term",2019-11-27T15:49:58.494Z
cbc,Vancouver is still in a housing crisis. But when will we know if it's over?. It's a question without a defined answer — but one that could have big policy implications down the road,2019-07-07T14:00:00.665Z
cbc,Vape product concerns weigh on Canadian cannabis companies looking for sales boost. Investigators point to THC as likely playing a role in vaping-related illnesses,2019-09-30T12:48:43.698Z
cbc,Fed chair sees North America as an economic oasis in 2020: Don Pittis. Solidifying our trade link with the U.S. means optimism could spread north next year,2019-12-12T09:00:00.793Z
cbc,The best of Halloween on CBC Gem. Have the perfect Halloween snuggled up with these spooky specials.,2019-10-31T10:00:00.207Z
cbc,The battle to keep this country together will be harder in some provinces than others. The Canada Votes newsletter has been your tip-sheet for the 2019 federal election.,2019-10-27T12:00:00.515Z
cbc,"SNC-Lavalin to stand trial on corruption charges, Quebec judge rules. Quebec engineering giant accused of bribing Libyan officials while Gadhafi in power",2019-05-29T19:17:13.204Z
cbc,Photographer David Yarrow gets up close and personal in the name of art. The renowned Scottish photographer's first exhibit in Vancouver opens this week,2019-10-19T18:00:00.392Z
cbc,U.S. extends temporary sales permit to Huawei for 90 days. Move comes a day after Trump said U.S. should not do business with Chinese tech giant,2019-08-19T19:09:49.821Z
cbc,"Hong Kong airport protests are a warning that violence is bad for business: Don Pittis. Hong Kong used to have a regional lock on business services, but not anymore",2019-08-15T08:46:55.147Z
cbc,"British PM Theresa May says she'll resign on June 7. Conservative leadership contest to begin June 10, with U.K. divided over Brexit battle",2019-05-24T17:54:34.402Z
cbc,Australian stores ration toilet paper amid coronavirus panic buying. Most of Australia's 42 COVID-19 cases linked to cruise ship docked in Japan ,2020-03-04T11:11:17.232Z
cbc,WeWork co-founder pushed aside in $5B SoftBank takeover. Financial rescue package from Japanese tech giant offers Adam Neumann 'a golden helicopter',2019-10-23T17:33:08.522Z
cbc,"Housing group wants city to license landlords. Renters, neighbours, landlords asked to fill out survey by Sept. 4.",2019-08-29T13:02:52.361Z
cbc,"Energy prices spike after Saudi oil attack, U.S. blames Iran. Trump says U.S. 'locked and loaded' to respond, Iran calls U.S. claims 'maximum lies'",2019-09-16T21:28:29.128Z
cbc,A week of tax promises that are more about politics than policy. All parties say they want to simplify the tax system — but their platforms say something else,2019-09-30T14:37:00.230Z
cbc,COVID-19 outbreak: Here's what's happening around the world Friday. WHO director says risk of spread and impact 'very high at a global level',2020-02-29T01:54:33.637Z
cbc,"Posh corner of London to get 55 affordable apartments, thanks to local church. The units will bolster the well-heeled northwest, an underserved section of the city",2019-08-29T08:00:00.899Z
cbc,Auxly Cannabis signs $123M deal with tobacco giant Imperial Brands. Vancouver firm will get global licences to the British tobacco company's vaping technology,2019-07-25T20:04:51.454Z
cbc,"Bookshop on wheels makes the connection between books and readers. More than 2,200 titles wedged onto the shelves of the Daisy Chain Book Company",2019-07-25T20:00:00.624Z
cbc,"Germany's Deutsche Bank to cut 18,000 jobs by 2022 in overhaul. Restructuring follows failure in April of merger talks with German rival Commerzbank",2019-07-07T20:24:55.045Z
cbc,Uber exceeds 3rd-quarter revenue estimates but misses targets for users. Ride-hailing company still posting overall losses but is expanding into new areas,2019-11-04T23:47:34.049Z
cbc,U.S. issues 'do not travel' warning as coronavirus death toll in China rises. WHO declares public health emergency of international concern,2020-01-31T02:18:22.279Z
cbc,Nepean shooting top of mind for many as Ottawa finishes Airbnb rules. Consultations on short-term rentals now done; report expected next month,2019-10-24T10:52:40.467Z
cbc,Business success of paperless papers may signal next step in mainstream news: Don Pittis. Can traditional broadsheets survive without print or paywalls? New evidence says yes,2020-03-23T20:20:24.866Z
cbc,Calgary to tighten its hold as Canada's cannabis capital. Dozens of new stores expected to open in weeks ahead as province lifts moratorium,2019-06-05T15:44:27.951Z
cbc,"Big cost and challenges to major restoration of Alberta legislature. 18,000 repairs are needed to restore the crumbling sandstone of the Alberta legislature building",2019-08-11T13:00:00.181Z
cbc,"New Brunswick pharmacies sell out of medical masks amid coronavirus concerns. WHO warns of global shortage, but masks not recommended for healthy individuals and risks deemed low in N.B.",2020-02-13T01:19:49.406Z
cbc,Oil prices jump 15% following drone attack on Saudi facility. Trump authorized use of emergency U.S. oil stockpiles to ensure stable supplies,2019-09-16T00:03:29.925Z
cbc,"Advent of luxury calendars means the Christmas countdown isn't just for kids anymore. Traditional 24-day calendars are now filled with alcohol, cheese, even jewelry — and they're selling",2019-11-27T12:00:00.831Z
cbc,"Ottawa's 'draconian' Airbnb rules will hurt students, landlord says. Proposed bylaw would restrict short-term rentals to primary residences",2019-11-08T21:37:49.830Z
cbc,"Alberta test case: Planned sale of gas wells, pipelines raises cleanup concerns. 'We in Alberta have gotten way too used to backroom deals and backroom regulators that are not transparent'",2019-11-14T20:58:29.475Z
cbc,"'To do it all remotely is pretty impossible:' Campus closings hamper hands-on school programs. Students need access to labs, gear, co-op jobs to be ready to graduate",2020-04-25T17:11:40.713Z
cbc,'Mask wars' risk setting back global fight against coronavirus. Global competition for supplies among Western nations spikes,2020-04-06T15:10:25.047Z
cbc,"Forests, rowdy nightlife and one slippery sea lion: An artist's guide to falling in love with London. Writer Oliver Skinner is here to show you that London is much more than just a college town or pit stop",2019-08-02T17:00:33.341Z
cbc,"Netflix's U.S. subscriber growth slowing as competition looms. Netflix added 520,000 subscribers from the U.S. from July to September, below the 800,000 management expected",2019-10-16T21:38:54.991Z
cbc,"No cause for panic — or celebration: Downtown Winnipeg developers driven by profits, not altruism. Proposed sale of Portage Place is no bellwether for downtown Winnipeg, but it could ease the housing crunch",2019-07-13T11:00:00.353Z
cbc,"Retail businesses reopen in Wuhan, China's original coronavirus epicentre. Not every shop open, and limits are placed on number of customers at any 1 time",2020-03-30T17:50:18.900Z
cbc,"What's going on at Alberta's liquor, gaming and cannabis regulator? The province won't say. Old board dumped, 2 new members promptly resigned, status of major files remains unclear",2019-11-12T16:54:54.403Z
cbc,"Progress, but still no deal to avert U.S.-Mexico tariffs. U.S. stocks, oil and Treasury yields rise on signs sides are getting closer",2019-06-07T00:29:02.071Z
cbc,"Liberals ask voters to 'choose forward' while Tories vow to help Canadians 'get ahead' in new campaign ads. Liberals, Tories launch TV ad campaigns ahead of Oct. 21 vote, NDP expected to follow next week",2019-08-26T17:33:41.194Z
cbc,Do chuckwagon races amount to 'cruel' abuse or save horses from slaughter? Here's what you said. Some argue horses would otherwise be on dinner plates; others insist races are 'cruel' and audiences complicit,2019-07-12T21:18:41.577Z
cbc,"Vancouver's lasting 2010 Olympic legacies, from big arenas to iconic art. Vancouver projects successfully integrated into the community, says city's former chief planner",2020-02-15T16:00:00.402Z
cbc,"How a leaner, regulated Nalcor could save millions and better protect consumers. Liberty Consulting is proposing a dramatic shakeup at embattled Crown corporation in the Muskrat era",2019-10-05T09:30:00.488Z
cbc,"Office buildings turn to apartments, bring downtown Calgary back to life. Calgary and Edmonton's young demographics make it a good fit for creating new rental units",2019-06-18T15:56:06.089Z
cbc,Quebec firm Group Mach makes rival offer for Transat. Transat announced last month it was in exclusive talks with Air Canada,2019-06-04T19:19:21.995Z
cbc,"Ilya Kovalchuk wants to be part of the Canadiens' future, but do the Habs want him?. 36-year-old's career was on the rocks in L.A., but he’s excelled since joining Montreal",2020-01-31T17:18:49.424Z
cbc,"Inside the secret, million-dollar world of baby eel trafficking. Undercover Canadian government operation highlights global concerns around smuggling to feed Asian demand",2019-06-25T13:41:19.663Z
cbc,"U.S. jobs growth strong, casting doubt on anticipated Fed rate cut. Stocks slide as jobs report indicates continuing growth in U.S. economy",2019-07-05T20:12:53.702Z
cbc,"What to cook in June: Spring's bounty of sorrel, radishes, garlic scapes and strawberries is finally here. From sorrel sauce to berry cordials to a new kind of pesto, here’s how to make the most of it",2019-06-04T19:40:44.286Z
cbc,Bots tweeting about Toronto's Sidewalk Labs project raise disinformation red flags. Twitter suspends accounts after questions from journalists and privacy experts,2019-07-10T19:55:23.524Z
cbc,Soaring rents and house prices in Canadian cities make housing a key election issue. Federal parties roll out their strategies to help urban Canadians keep housing costs in check,2019-09-24T12:39:03.768Z
cbc,"Cancel culture, indeed: COVID-19 is going to slam the gig economy. Freelancers, creatives and the self-employed are already feeling the sting of coronavirus",2020-03-14T12:08:07.105Z
cbc,"Iran breaches key uranium enrichment limit in nuclear deal, UN watchdog confirms. Tehran also warns Europe has 60 days to save nuclear deal quit by Washington",2019-07-08T19:57:51.994Z
cbc,Tehran lashes out at Britain for seizing Iranian oil tanker bound for Syria. Marks 1st time EU has seized vessel for violating sanctions against Syria,2019-07-04T23:59:18.984Z
cbc,What it would mean for pensioners if Kenney creates an Alberta pension plan. Pension funds would likely be transferred to government-owned AIMCo,2019-11-10T15:55:10.026Z
cbc,"United Technologies, Raytheon plan merger to create defence, aerospace giant. New company to be named Raytheon Technologies would be valued at $121B US",2019-06-10T15:11:04.074Z
cbc,"Why the Bank of Canada won't fight a recession till there is one: Don Pittis. With the economy riding high, Poloz is unlikely to be pressured into early cuts",2019-09-03T08:00:00.031Z
cbc,"Winter is coming, and so is an uncharted economic abyss: Neil Macdonald. The economic situation scares me. But then, I'm not an economist",2019-08-13T15:14:37.463Z
cbc,Facebook wants to be your bank with its new Libra cryptocurrency. Newsletter: A closer look at the day's most notable stories,2019-06-18T18:26:38.652Z
cbc,"Canadian families will pay nearly $500 more in 2020 for food, report says. Canada's Food Price Report 2020 cites changing weather patterns, 'elephant in the room,' as big factor",2019-12-04T20:11:05.344Z
cbc,Winnipeg Folk Festival kicks off its 46th year. Four days to take in the music from Thursday through Sunday,2019-07-12T03:15:09.145Z
cbc,Cabbage rolls by the thousand: Peg's Kitchen's success lies in bringing 'down-home' Sask. cooking to the city. Local foodie eats his way through Regina to share his take on what’s good,2019-11-28T15:53:17.365Z
cbc,OPINION | Greens' climate plan adds up to Mission: Improbable. Kicking the tires on the federal party's new energy and environment plan,2019-08-12T17:11:02.009Z
cbc,Demise of Canadian cannabis website a symptom of failed dreams: Don Pittis. End of brave venture The Leaf News is proof of Canada's collective pot delusion,2019-11-18T09:00:00.843Z
cbc,"Coronavirus: Here's what's happening in Canada and around the world on March 18. PM announces $82B aid package; Canada, U.S. agree to close shared border to non-essential travel",2020-03-19T09:56:53.291Z
cbc,5 restaurants where you can get a farm-to-table meal in Sask.. These eateries highlight the province’s best in-season ingredients,2019-07-27T15:53:53.761Z
cbc,Affordable housing project up in the air after provincial cuts. Provincial rebate program helped fund low-income apartments,2019-09-26T11:53:07.721Z
cbc,European Central Bank introduces aggressive stimulus package to revive ailing economy. Chief Mario Draghi pledge indefinite stimulus Thursday,2019-09-12T19:25:18.192Z
cbc,"OPINION | What happens if Albertans keep praying for another oil boom, but God has none left to give?. If Calgarians are looking for an answer to that question, they could do a lot worse than look to Detroit",2019-09-11T15:45:45.418Z
cbc,How a new mall in New York City is hoping to reverse the 'retail apocalypse'. Hudson Yards development has dedicated an entire floor to digital brands making their brick and mortar debut,2019-05-19T21:16:38.427Z
cbc,"A modern primer on engagement ring shopping. From ethical diamonds to recycled gold, top experts share everything we need to consider",2019-12-11T21:58:13.582Z
cbc,NHL free agency: Plenty of talented players still up for grabs. With training camps fast approaching these valued vets are worth watching,2019-08-14T17:56:10.224Z
cbc,"Trudeau to meet with premiers, Indigenous leaders Thursday as COVID-19 spreads and oil prices tank. First Ministers' Meeting being held in Ottawa amid economic shocks from COVID-19 pandemic",2020-03-12T17:09:11.092Z
cbc,Why Albertans give so much money to charity (but shouldn't be too smug about it). Donor culture highlights how we view the role of government vs. civil society,2019-12-25T12:00:00.529Z
cbc,"Trudeau announces $1B COVID-19 package as WHO calls global outbreak a pandemic. Federal government will waive 1-week wait for employment insurance, fund research",2020-03-11T23:23:18.274Z
cbc,Tips for getting the most out of your air conditioning unit. Research engineer says spring and fall are the best times to purchase a new unit,2019-07-15T12:00:00.163Z
cbc,"Coronavirus: Here's what's happening in Canada and around the world on March 20. Provinces ramp up restrictions as number of COVID-19 cases in Canada passes 1,000",2020-03-21T04:00:53.376Z
cbc,Job hunting advice: Tips for how to be effective today. Experts weigh in on refining your search and getting your profiles right,2019-09-24T22:09:55.207Z
cbc,Coronavirus: What's happening in Canada and the world on April 12. Long-term care homes deaths account for close to half of Ontario's COVID-19 toll,2020-04-13T06:37:06.262Z
cbc,"Coronavirus: Here's what's happening in Canada and around the world on March 16. B.C. reported 3 more deaths at long-term care home, bringing national toll to 4",2020-03-17T06:14:29.860Z
cbc,"Coronavirus: Here's what's happening in Canada and the world March 19. PM talks about need for increased testing, travel restrictions between Canada and U.S.",2020-03-20T12:00:20.049Z
cbc,"Coronavirus: Here's what's happening in Canada and around the world on March 17. Ontario, Alberta and B.C. declare emergency as Trudeau pledges relief for Canadians",2020-03-20T13:52:09.844Z
cbc,Does approving TMX do anything for the Liberals?. The Canada Votes newsletter is your weekly tip-sheet as we count down to Oct. 21,2019-06-16T20:00:00.620Z
cbc,Coronavirus: What's happening in Canada and around the world on March 23. Quebec and Ontario order closure of all non-essential workplaces starting Wednesday,2020-03-24T11:24:32.030Z
