title,description
"Expect housing prices to continue to rise in 2020, realtors say","Prices driven by lack of supply, says real estate association president",2020-01-07,CBC
"Hamilton housing sales down since September, prices up from last year: RAHB","Sales down for apartments, which increased in price by 23.2 per cent",2019-12-03,CBC
Soaring rents and house prices in Canadian cities make housing a key election issue,Federal parties roll out their strategies to help urban Canadians keep housing costs in check,2019-09-24,CBC
"Toronto area housing sales up 24.3% in July, prices rise due to tighter supply","Overall average selling price for properties in GTA was $806,755",2019-08-09,CBC
"St. John's housing prices will lead country in growth, according to Moody's","Economist says below-trend prices, drop in unemployment rate leading to predicted increase",2019-05-26,CBC
"Metro Vancouver housing market to see modest price growth in 2020 and 2021, predicts CMHC",Buyers and renters can expect price increases due in part to continuing population growth across the region,2019-10-24,CBC
"Canadian home sales had their worst April in 36 years, but prices holding steady for now","Sales are in free fall, but prices don't seem to be doing the same yet",2020-05-15,CBC
Time to buy? What the pandemic means for Vancouver's real estate market,"Mark Ting, On the Coast's finance columnist, on what lies ahead for buyers and sellers amid COVID-19",2020-05-10,CBC
"U of Regina selling 'mansion' that presidents lived in, rent-free",Former student union president says news is being met with support and shock,2020-05-15,CBC
Flood and pandemic exacerbate housing crunch in Fort Vermilion,Province considering emergency housing as majority of residents can’t return home,2020-05-13,CBC
Potential buyers staying home: April real estate stats in Edmonton show 55% drop in sales,'With the outbreak of COVID-19 ... this type of market decline is not surprising',2020-05-04,CBC
"Pandemic or not, Canada still faces a climate crisis — and the clock is ticking",COVID-19 presents an unprecedented threat — and a unique opportunity to build a cleaner economy,2020-05-13,CBC
How should Ottawa grow? What councillors heard over 19 hours,The urban boundary debate will continue for a third day on May 19,2020-05-12,CBC
"Following Fort McMurray flood, mayor calls for additional financial aid","Damages to residences alone could top $100 million, Don Scott says",2020-05-04,CBC
Métis raise flag above newly purchased Bank of Montreal building at Portage and Main,'It's like retracing and actually capturing a lot of our history': Manitoba Metis Federation president,2020-05-12,CBC
"Ottawa has 80,000 more suburban houses in its future. Here's what that could look like","City staff, planners and some politicians want a denser city, but what will it take to shift the culture?",2020-05-01,CBC
Sask. not seeing same COVID-19 impacts on housing market as rest of country,'We were seeing a lot of buyer confidence in the beginning of the year': realtor,2020-04-16,CBC
The economy with a capital 'E',"We dive into the markets, energy and housing to find out the COVID-19",2020-04-24,CBC
Competition for new N.S. RCMP dispatch centre 'falsely stacked' against First Nation's bid: chief,Millbrook First Nation wants re-do of site selection process,2020-05-06,CBC
"Ottawa's hot housing market cooled, but not frozen, by COVID-19","Sales down 70% but some buyers, sellers forge ahead",2020-04-25,CBC
Soup for you! Corner Brook store donating bowls of soup,Owner says COVID-19 pandemic has led to increased need for people,2020-04-03,CBC
"Rents in Regina, Saskatoon expected to increase slightly in 2020: report",Vacancy rates in both cities have been declining according to CMHC,2020-01-21,CBC
"Real estate association says Hamilton home sales crashed, local realtors disagree",The national realtors association says market should have seen 25 per cent more sales,2020-04-21,CBC
"Average Canadian house price hit $504,350 last month, up 11% in past year","Best January for home sales since 2008, Canadian Real Estate Association data shows",2020-02-14,CBC
"Homeless population in Red Lake, Ont. declines; hopes to be model for Kenora",Goal is to eradicate homelessness from northwestern Ontario town in just a couple of years,2020-04-23,CBC
"Average Canadian house price rose to $540,000 last month, up 15% in past year","Outside of Toronto and Vancouver, average price was $410,000",2020-03-16,CBC
"The urban boundary debate is vitally important, so should it happen online?",Monday's virtual committee meeting a test of untried process at city hall,2020-05-09,CBC
"Alberta's spring housing market falling to COVID-19, energy crisis, statistics show",'This is an unprecedented time with a significant amount of uncertainty',2020-04-06,CBC
Canadian real estate markets hit hard by pandemic,Tough times are forecast after COVID-19 measures slow sales,2020-04-09,CBC
"Condo vacancies rise, rents fall as pandemic crushes GTA's short-term rental market","A surge in listings, fewer renters means more competition for landlords",2020-05-01,CBC
Tenants facing renoviction worry about becoming homeless,"Residents of the Pinecrest Townhouses in Prince Rupert were served eviction notices on Feb, 26.   ",2020-03-06,CBC
New Westminster offers $4M worth of free land for affordable housing,Advocates say sky high land prices are major barriers to building low-cost housing,2020-01-22,CBC
"Home sales fell 14% in March as COVID-19 settled in, CREA says","Average selling price basically unchanged from February, but sales were way down",2020-04-15,CBC
"Metro Vancouver still a seller's market despite housing downturn, latest numbers show","Sales down compared to 10-year average, but climbed from Feb. 2019 to Feb. 2020",2020-03-03,CBC
B.C. Supreme Court judge rejects injunction sought by homeowners against speculation tax,Homeowners allege paying the tax would cause them 'irreparable harm',2020-04-19,CBC
Yellowknife transitional housing on ice after N.W.T. housing corporation refuses to back project,The conversion of the Arnica Inn would have created 42 new housing units for vulnerable residents,2020-02-21,CBC
Banff Centre lays off 400 staff to weather 'extreme' COVID-19 financial blow,Employees told in email school 'has never faced a crisis of this magnitude',2020-03-20,CBC
Grandfathering a key question for short-term rentals in Charlottetown,‘We want to return long-term housing units’,2020-03-11,CBC
"Calgary housing market still weighed down by oversupply, CREA says",'Achieving more stable conditions will take time',2019-12-16,CBC
Hamilton housing sales up compared to January 2019 — but only for 'detached' homes,"Average sale price of residential properties up 11.9 per cent to $617,496",2020-02-07,CBC
Buyer's market in Regina as average home price drops to $253K,Prices up nationally due to greater Vancouver and Toronto areas,2020-02-17,CBC
Singapore migrant workers deal with anxiety as living quarters become COVID-19 cluster,"S11 dorm is home to labourers from India, Bangladesh and China",2020-04-21,CBC
Councillors to consider affordable housing proposals for city-owned land in Riverdale,Four of five options require the city to sell the land for a dollar,2020-01-08,CBC
The cost of housing in Canada and what it could mean for the economy,What rising real estate prices mean for the country and for Canadians who just want a home,2020-02-14,CBC
It's a buyers market for Regina housing: Royal LePage,The aggregate home price in Regina dropped 3.5% compared to same time last year,2019-07-11,CBC
"December home sales up 22.7% from a year ago, CREA report finds","The Canadian Real Estate Association says sales were slightly lower than November, but way up year-over-year",2020-01-15,CBC
CMHC expects housing market to recover in next 2 years after declines,"After sales, new builds declined this year and last, housing agency expects prices to exceed 2017 peak by 2021",2019-10-24,CBC
Old Embassy Hotel site poised to become 72 affordable housing units,Indwell submits planning application to build rental units at 744 Dundas St.,2020-02-28,CBC
Calgary realtors bracing for a 'double whammy',"Price declines already predicted for 2020, now COVID-19 brings more uncertainty",2020-03-19,CBC
Calgary realtors bracing for a 'double whammy',"Price declines already predicted for 2020, now COVID-19 brings more uncertainty",2020-03-19,CBC
"What you need to know about COVID-19 in B.C. on April 29, 2020",2 more poultry plant outbreaks; B.C. extends provincial state of emergency by two weeks,2020-04-30,CBC
"Changes to mortgage stress test rules good news for young home buyers, says P.E.I. broker",Broker says wiggle room will make a difference for people carrying extra debt,2020-02-23,CBC
Renting to students in N.L? Some insurance companies might refuse to cover you,"Housing advocate calls such policies discriminatory, but industry disagrees",2019-11-01,CBC
Tight rental market has Dartmouth renters worried over looming 'renoviction',"Tenants can reapply to the building after renovations, but rents will be hundreds of dollars higher",2020-03-12,CBC
"'Broke on payday': Facing eviction, longtime tenants feeling Ottawa's housing squeeze firsthand",8 men must be out of their Fisher Park rooming house by end of March,2020-01-31,CBC
"Home prices in Hamilton rise, number of new listings decreases",Availability of new listings in the city fell by 8 per cent this year,2019-11-05,CBC
Evictions on the rise as Montreal's vacancy rate hits 15-year low,Advocates want repossessions blocked before a 'crisis' comes on moving day,2020-01-24,CBC
Hamilton condo costs up 9.4% this year: housing survey,"Housing demand from first-time buyers, empty-nesters, broker says",2019-07-10,CBC
"Federal government can boost housing affordability with more incentives, board of trade says","Tax changes to support rental buildings, incentives to build near transit, loans for laneway homes suggested",2019-08-08,CBC
Victoria council mulls zoning change to preserve existing rental apartments,"The new ""rental tenure"" zoning power allows municipalities to preserve existing areas of rental stock",2019-07-08,CBC
"'Rents have just gone sky high': Cardigan candidates, voters weigh in on housing crisis",'It's nothing that a senior can really afford',2019-10-02,CBC
Hamilton looks at an empty homes tax to ward off speculators and help local rents,"More than half of vacant Vancouver homes are back on the market, but can it work in Hamilton?",2019-12-09,CBC
"What you need to know about COVID-19 in B.C. on April 19, 2020",Provincial health officer Dr. Bonnie Henry announced three new coronavirus deaths on Saturday,2020-04-19,CBC
The decade in B.C. prices: What costs more and what costs less,"While many items have risen in cost, the price of some goods has actually dropped",2019-12-23,CBC
Critics say budget 2020 offers little to families struggling with affordability,"Struggling families say budget misses opportunities to address child care, housing problems",2020-02-19,CBC
Will COVID-19 affect the spring real estate market?,"Mark Ting, On the Coast's finance columnist, on what you should do if you're looking to buy — or sell",2020-03-15,CBC
"B.C. housing market bouncing back as buyers return, report says","Recovery fuelled by growing population, lower borrowing costs, pent-up demand, Central 1 economist says",2019-11-25,CBC
Why the Hamilton 100 committee says Commonwealth Games are worth a $1.425B price tag,The city of Calgary is bidding for the 2026 Commonwealth Games,2020-02-26,CBC
City of Regina may reinstate tax exemption for non-profit homes,The city is set to discuss the non-profit tax exemption on Monday at 4 p.m. CST,2020-01-20,CBC
"Complaining about the cost of living, 1968 edition",There didn't seem to be any category of spending that hadn't seen an increase,2020-03-04,CBC
'Less bad' doesn't mean good: What Vancouver's housing market could hold in 2020,"For the first time in five years, there were no major surges in any aspect of the market ",2019-12-24,CBC
The price of an average London home could hit $450K in 2020,"While sales aren't expected to match the frenetic pace of 2017, tight inventories will cause prices to rise",2019-12-28,CBC
Anger over councillor's latte comment reveals affordability angst of the suburbs,Delta councillor's suggestion to scrimp and save drew viral anger as affordability continues to decline,2020-03-06,CBC
Housing affordability challenges have NDP calling for swift action,Seven families recently forced out of living situation at Dartmouth hotel,2020-02-21,CBC
Affordable housing getting tougher to find in Sudbury,"Rental costs rise while salaries stagnate, according to Homelessness Network coordinator",2019-11-21,CBC
The price of an average London home could hit $450K in 2020,"While sales aren't expected to match the frenetic pace of 2017, tight inventories will cause prices to rise",2019-12-28,CBC
P.E.I.'s housing crisis forces Syrian refugees into cramped quarters,'We're looking around for an apartment and we certainly don't have anything for August',2019-07-19,CBC
North Central non-profit housing trust proposal to be heard by housing commission,Report to be received at Mayor's Housing Commission Tuesday ,2019-11-12,CBC
"CMHC reports housing market stabilizing, moderate vulnerability",Agency says narrowing risk comes as home prices ease somewhat,2019-11-07,CBC
Low-income rates could rise as StatsCan moves to redraw poverty line,Poverty rates increased by 2.2 per cent the last time the measurement changed in 2008,2019-12-23,CBC
New affordable homes in Banff come with restrictions on resale prices,"'We're building them a nest, not a nest egg'",2019-07-29,CBC
"'Cheaper, warmer and newer': P.E.I. seniors move into new affordable building","'Some people can’t afford $1,200, $1,300 a month in rent, it’s crazy' ",2019-11-28,CBC
Montreal tenants are swapping apartments to avoid rising rents,"Trading leases is perfectly legal, but landlords must sign off on the swap",2020-02-29,CBC
Real estate market hits new heights in Ottawa-Gatineau,Record comes amidst affordable housing shortage,2020-01-06,CBC
'Homelessness can strike anyone. It could be you',"Author Mark Sakamoto on how homelessness touched his life, and how his hometown is dealing with the problem",2020-05-11,CBC
'Homelessness can strike anyone. It could be you',"Author Mark Sakamoto on how homelessness touched his life, and how his hometown is dealing with the problem",2020-03-13,CBC
"Toronto home sales jump 17.4% in December, average price up 12%",Condos saw the biggest price gains through 2019,2020-01-07,CBC
She fled domestic abuse. Now she and her daughter are victims of the housing crisis,"Shelters are full, wait lists are long and market rents are too high for most single mothers",2019-11-12,CBC
What drives the cost of condo insurance?,"In some cases, the rates are soaring but it's not a simple calculation",2020-01-03,CBC
"45 per cent of Hamilton renters living in unaffordable housing, new report says","Average rent in the downtown core, mountain has risen 40 per cent in 8 years",2019-12-01,CBC
City of Montreal to exercise right of first refusal to turn properties for sale into social housing,"Announcement part of city's plans to build 12,000 more social and affordable housing units by 2021",2020-02-18,CBC
B.C. defers stumpage fees for 3 months to aid forest industry during pandemic,"Forest ministry says deferral not a subsidy because it must be repaid, with interest",2020-05-01,CBC
"Canadians worried about child care, education and housing affordability, Morneau told","Budget expected to include details on campaign promise to create 250,000 before- and after-school spaces",2020-03-08,CBC
Housing homeless in hotels would take too long due to suicide prevention retrofits: minister,Rajan Sawhney says overflow shelter spaces like Telus Convention Centre was the fast pandemic response,2020-03-31,CBC
"What you need to know about COVID-19 in B.C. on April 20, 2020",Provincial health officer Dr. Bonnie Henry will give her next update at 3 p.m. PT,2020-04-20,CBC
Statistics are great unless they measure the wrong things: Don Pittis,"Statistics Canada looks to Big Data to size up Canadians, but are the numbers biased?",2020-01-20,CBC
Councillor pushes for micro-structure homeless solution,A request for a Conestoga Hut pilot project will be put forward to a city committee today,2020-02-19,CBC
Housing group wants city to license landlords,"Renters, neighbours, landlords asked to fill out survey by Sept. 4.",2019-08-29,CBC
Vancouver keeps crown as Canadian metropolis with highest rents and lowest vacancies,Property values went down — but average rents increased higher than inflation ,2020-01-15,CBC
Housing sales down in August across Hamilton-Burlington,But year-to-date sales still up due to a 'strong spring',2019-09-04,CBC
"Small businesses demand action, not just talk, on rent relief amid COVID-19 crisis",Government programs trying to keep businesses afloat but many are falling through the cracks,2020-04-16,CBC
Low vacancy rates for Saint John apartments could spell trouble for low-income renters,"'Affordability becomes an issue' when vacancy rate outpaces supply, says analyst with CMHC ",2020-01-21,CBC
7 potential lingering effects of COVID-19 on the economy: Don Pittis,How to choose among economic forecasts in a time of record uncertainty,2020-03-30,CBC
Renter who listed spare room on Airbnb ordered to repay roommate's damage deposit,B.C. Civil Resolution Tribunal decision says listing breached roommate agreement,2019-08-25,CBC
'The system isn't working': Kitchener housing report raises red flags on affordability,"Data gaps on housing speculation, 'renovictions' also highlighted",2020-01-13,CBC
CMHC predicts moderate Sask. housing market rebound in next year,Rebound predicted after low 2019 numbers,2019-10-25,CBC
This Toronto garage actually costs almost $600K,Realtor calls it an ‘interesting property’ that will no doubt draw demand,2019-09-08,CBC
Rising Vanier house prices spark gentrification fears,Average selling price of a home has risen 11% in last 12 months,2019-08-08,CBC
How the city of Cambridge hopes to pay for more affordable housing,"Current wait times for affordable units are lengthy, says Housing Cambridge GM",2019-05-21,CBC
Net-zero-energy home sits empty as builder struggles to find buyers,Builder says mortgage and appraisal system keeps families out of low energy homes,2020-02-06,CBC
Home values tumble by up to 15% across Metro Vancouver,"Most expensive home in B.C. remains Chip Wilson's Point Grey Road mansion, according to B.C. Assessment",2020-01-02,CBC
"Looking to sell your house? It's going to take a while, say housing experts",Real estate agent Mike Turner has a few tips if you have to sell in this market,2019-08-20,CBC
"Calgary home prices forecast to decline again in 2020, but by less than in 2019","Real estate board expects prices to drop 0.7%, compared with 3.4% last year",2020-01-14,CBC
"Rental vacancies up in Ottawa, but so's the rent",2-bedroom units in city's west end led surge in rental prices in 2019,2020-01-16,CBC
"Home sales rise for 5th month in a row in July, prices up 4% in past year",Canada's housing market is showing signs of coming out of stress-test slumber ,2019-08-15,CBC
Yellowknife's housing market slows as economic slump looms on the horizon: CMHC,CMHC's annual report on Northern housing shows mixed outlook across the 3 territories ,2019-08-29,CBC
Forget Toronto. Buying in P.E.I. increasingly 'cutthroat' as home prices rise,"'People are banging on doors, saying 'I really like your house, are you interested in selling?'",2019-08-25,CBC
Forget Toronto. Buying in P.E.I. increasingly 'cutthroat' as home prices rise,"'People are banging on doors, saying 'I really like your house, are you interested in selling?'",2019-08-25,CBC
Yellowknife's housing market slows as economic slump looms on the horizon: CMHC,CMHC's annual report on Northern housing shows mixed outlook across the 3 territories ,2019-08-29,CBC
Average price of homes sold on P.E.I. up from last year,September 2019 saw a big spike,2019-10-05,CBC
An alley full of dumpster fires: Which crisis would you like to deal with first?,"If the Muskrat Falls report weren't enough, a stock market collapse and a pandemic came upon us",2020-03-14,CBC
"Feds, Ontario commit $1.4B for affordable housing for low-income families","Investment is set to run from 2020-2028 with each family receiving about $2,500",2019-12-19,CBC
"Habitat for Humanity residents given temporary reprieve during pandemic, court battle continues",'It was a relief for everybody. At least we can just focus on one thing now: our kids' ,2020-03-23,CBC
Most evacuation orders lifted as Fort McMurray floodwaters recede,Mayor says warm temperatures helping to thaw massive ice jams faster than expected,2020-05-04,CBC
City of Vancouver asks for input on future of co-op housing as leases run out,City says 4 scenarios recognize key concerns expressed by co-op residents,2020-01-28,CBC
"Chéticamp housing shortage 'killing our economy,' councillor says",Inverness County conducting a housing survey until the end of October,2019-10-22,CBC
"Social assistance increases don't go far enough, say advocates for poor","Despite 5 per cent increase in monthly rates, anti-poverty activists say gap is still too large",2020-03-10,CBC
New housing opening in northern B.C. for Indigenous patients who have to travel for medical appointments,The units will be close to medical centres in Prince George and Fort St. John,2020-01-21,CBC
"Hamilton-Burlington average home price to rise 3.8 per cent in 2020, ReMax estimates",Compared to a 3.7 per cent national increase for the average home price,2019-11-27,CBC
Hamilton-Burlington housing sales up 10.9% in May: RAHB,"Condos, townhouses see biggest sales growth",2019-06-04,CBC
"Finally, good news for renters as prices are expected to lead property decline: Don Pittis",But COVID-19 disruptions in rental market could have wider effects on Canadian economy,2020-04-20,CBC
Construction groups tell City of Winnipeg to boost infrastructure spending,Construction industry says economy shocked by COVID-19 needs boost,2020-04-27,CBC
Montreal aims to boost affordable housing as rental market tightens,"Proposed rules are designed to make living in the city easier, but developers have concerns",2019-06-12,CBC
Construction groups tell City of Winnipeg to boost infrastructure spending,Construction industry says economy shocked by COVID-19 needs boost,2020-04-27,CBC
"City puts plan to tax vacant homes on hold, but the idea isn't dead quite yet","Tax in Vancouver didn't add many affordable units to the rental market, critics say",2020-02-05,CBC
"Finally, good news for renters as prices are expected to lead property decline: Don Pittis",But COVID-19 disruptions in rental market could have wider effects on Canadian economy,2020-04-20,CBC
"Amid 'astronomical' house prices, councillors push for bigger tax rebate in first-time buyers' pockets","Some warn proposal could curb city revenue stream, push up home prices",2020-01-25,CBC
How Charlottetown has become one of the hottest housing markets in Canada,"New stock, new uses driving prices",2019-07-31,CBC
Tips for selling your home in a buyers' market,"In this market, sellers need to be realistic about the price they set",2019-06-02,CBC
'Renoviction' rates soar due to big-city housing crunch,"'It's a way of making outrageous profits in a very short time,' housing advocate says",2019-12-30,CBC
"Rent in Ottawa out of reach for low-income earners, report finds","Tenants must earn $26 per hour to afford 2-bedroom apartment, think-tank says",2019-07-19,CBC
'Dear Mr Mayor' 9-year-old makes handwritten pitch to solve London's housing crisis,"'I am 9 years old and I want to make a change,' the child writes to Mayor Ed Holder",2020-01-10,CBC
"It's a seller's market, but the London region's housing inventory is down",LSTAR says that housing inventory is down 50 per cent compared to five years ago,2019-10-15,CBC
London population growth rate among fastest in Canada,Forest city's population growth rate last year second only to Kitchener-Waterloo,2020-02-18,CBC
Charlottetown house prices pushing point of 'being inaccessible','If the worst case scenario comes out he will be 70 years old before his house is fully paid off',2019-08-02,CBC
"Home sales continue to rise after record low early this year, CREA reports","Average price up 5.5% from year ago, up 3.3% outside Toronto, Vancouver",2019-10-15,CBC
Conservative millennials lay out a policy wish list for the party,"To attract younger voters, millennials say the party must embrace diversity and tackle poverty",2020-02-02,CBC
Stratford accepting applications for affordable housing project,35 units will available priced at 80 per cent of the local average market rent,2019-07-06,CBC
Lack of affordable housing on Vancouver Island forces family to sleep in a tent and a van,'I don’t know how anyone could hear that story and not be heartbroken': Singh,2019-09-27,CBC
"CMHC sees 'moderate overvaluation' in Canada's housing market, but little vulnerability overall","Quarterly report finds pockets of concern, but overall lower level of risk",2019-08-02,CBC
Nearly 1 in 10 homes sold in Waterloo region cities either flipped or rented out: study,"Kitchener saw most short-term sale and investment activity, report says",2019-08-15,CBC
Lack of affordable housing on Vancouver Island forces family to sleep in a tent and a van,'I don’t know how anyone could hear that story and not be heartbroken': Singh,2019-09-27,CBC
"Increased condo sales leading Saskatoon towards balanced market, realtor says","Royal LePage says home sales have increased 7 per cent from last year, leading to stable market",2019-10-10,CBC
"Calgary housing market among the most affordable in Canada, report says","'If you are the median income earner, there are options for you'",2019-09-26,CBC
"'Recessionary conditions' pushing home prices lower in B.C., report says","Median price projected to be 4.1% lower in 2019, marking 1st decline in 7 years",2019-05-28,CBC
"Ottawa watching food supply chain 'very, very carefully' after Alberta outbreak",Beef prices could go up but Trudeau says he doesn't anticipate a domestic shortage,2020-04-21,CBC
Big banks promise mortgage help for Canadians as Ottawa set to announce $25B in COVID-19 relief,"Mortgage, rent help could be part of federal package to be announced Wednesday ",2020-03-18,CBC
Housing in Yukon: An election issue with no clear solution,"'It's a community problem and we all need to be a part of the solution,' says Kwanlin Dün Chief Doris Bill",2019-10-20,CBC
15 new affordable units give Victoria seniors chance to be more independent,Housing agency says older people are getting priced out of the housing market and ending up in shelters,2019-11-07,CBC
Whitehorse residents paint picture of what dismal rental market looks like,"Median price for renting in Whitehorse is $1,050 a month, according to Yukon Bureau of Statistics",2019-07-28,CBC
Proposed tenant eviction rules coming too late for these P.E.I. renters,'People are getting put out of their homes',2020-02-28,CBC
Harsh winter cools Sudbury's real estate market,"In some aspects it's cheaper to own a home than rent, Real Estate Board says",2019-08-19,CBC
BC Transit reduces service in Kitimat due to staffing shortages caused by LNG recruitment,'There's certain things that they offer that we just can't compete with',2020-01-24,CBC
"'We were ignored,' housing group says after IRAC announces allowable rent increase","'Tenants, want zero to a very modest increase. And landlords typically ask for between two and five per cent'",2019-09-23,CBC
Apple sets aside $2.5B to help address California's housing supply crunch,"In addition to donating to nonprofit funds, Apple to make 42 acres available for nonprofit housing",2019-11-04,CBC
"Toronto home sales up 18.9% in May from last year, TREB report says","Market beginning to favour sellers, number of listings is lagging, says Toronto Real Estate Board",2019-06-05,CBC
Residents of Leslieville apartment building accuse their landlord of 'renoviction',"Renovictions becoming a bigger problem in her ward, Coun. Paula Fletcher says",2019-05-29,CBC
Looking back at a decade of Vancouver real estate,"'It's been a long and strange trip,' says urban planning professor Andy Yan",2020-01-01,CBC
Feds announce $200M for affordable rentals where Honest Ed's once stood,"Mirvish Village project will ensure location stays true to roots as low-income hub, Ahmed Hussen says",2020-01-16,CBC
41 new affordable housing units in East London,"""Crisis need"" for housing in the city ",2019-05-24,CBC
"More rate cuts possible if coronavirus impact worsens, Poloz says",Investors think it is a near certainty that bank will cut again next month,2020-03-05,CBC
"Sudbury offering up to $29,000 in home buying assistance to renters",The loan is forgiven if purchasers stay put for 20 years,2019-08-19,CBC
Where is the N.W.T.'s $21.5M COVID-19 relief package coming from?,"'In a lot of aspects ... it’s money that we’re not taking in,' said N.W.T. Finance Minister Caroline Wawzonek",2020-04-09,CBC
Where is the N.W.T.'s $21.5M COVID-19 relief package coming from?,"'In a lot of aspects ... it’s money that we’re not taking in,' said N.W.T. Finance Minister Caroline Wawzonek",2020-04-09,CBC
When student housing was hard to come by in Vancouver,"In 1981, there wasn't much available for students and what was available was pretty expensive",2019-09-06,CBC
"Ontario's rising rents hurt the poor, Ottawa advocates say","Province raises cap on rent increase to 2.2% for 2020, highest hike since 2013",2020-01-04,CBC
Government says new Victoria micro-apartments will help with middle-income housing crisis,Housing advocates say the project still doesn't address the growing need for middle-income family housing,2019-08-21,CBC
"Province to spend $629K on new affordable housing units over 3 years, $12M on repairs",Rent supplements cut to spend $2M on emergency shelter beds with 500 people across New Brunswick homeless,2019-12-11,CBC
Government says new Victoria micro-apartments will help with middle-income housing crisis,Housing advocates say the project still doesn't address the growing need for middle-income family housing,2019-08-21,CBC
Liberals promise to expand program for first-time homebuyers,"Liberal Leader Justin Trudeau says more help on the way for hot markets such as Toronto, Vancouver",2019-09-13,CBC
"Moncton, Dieppe break building permit records as construction booms",Residential construction is increasing but vacancy rates are falling ,2020-01-23,CBC
Homeless moms vow to keep fighting after being forcibly evicted from vacant Oakland house,"Moving into the house was 'an act of desperation,' says evicted woman Dominique Walker",2020-01-15,CBC
"Home sales edge higher in June, with strong gains in Ontario, Quebec",Canadian Real Estate Association notes sales and price declines in B.C. as supply outpaces demand,2019-07-15,CBC
"P.E.I. has to 'be careful' with housing solutions, says minister","'The sooner that we can see policies in place to address this, the better'",2019-08-12,CBC
Homeless moms vow to keep fighting after being forcibly evicted from vacant Oakland house,"Moving into the house was 'an act of desperation,' says evicted woman Dominique Walker",2020-01-15,CBC
"Holder announces plans for zero-emission buses, but it's far from a sure thing","Money could come from leftover BRT cash, but it would need support of council, senior governments",2020-01-22,CBC
"Higher home prices, higher debt levels and how they affect our choices",What do booming housing markets mean for Canadian communities?,2019-09-28,CBC
Nunavut government prides itself on barter for lower public flight fares,"Under new contract, medical and duty travel flights cost more than economy tickets  ",2020-03-09,CBC
"In Edmonton Centre, affordable housing can be hard to find",Nearly 20 per cent of renters spend half —or more —of their income on rent,2019-10-10,CBC
"Boomers, once critical of millennials, are more sympathetic to their housing plight, says professor","Parents 'recognize that their kids have it really different getting on the property ladder,' says Nancy Worth",2019-07-08,CBC
"In some battleground ridings, renters spend 50% or more of income on housing",Top 20 worst ridings for rental affordability unveiled in 2019 Canadian Rental Housing Index,2019-09-17,CBC
Thesis project shares stories of older women in insecure housing,"'One woman actually said ... my expiry date has come and gone,' says researcher",2019-11-18,CBC
Calgary pulling together list of projects for life after pandemic,"Nenshi says governments are interested in creating jobs, getting economy moving when crisis is done",2020-04-02,CBC
"Hot housing market in K-W matched hot temperatures in July, realtors say",Townhouse sales saw a particularly sharp increase of 45.1 per cent over July 2018,2019-08-07,CBC
"Feds, Alberta set to clash over cash for new rent supplement","Rent benefit will be tied to a person, rather than a social housing unit",2019-12-26,CBC
"Where we live, where we die and the romances we read in between","From the cost of housing to the cost of dying, with a Valentine look at love in publishing ",2020-02-14,CBC
"Posh corner of London to get 55 affordable apartments, thanks to local church","The units will bolster the well-heeled northwest, an underserved section of the city",2019-08-29,CBC
N.S. NDP say rent control needed to make rental housing more affordable,NDP say provincial Liberals have failed to build affordable housing and protect renters,2019-10-16,CBC
Charlottetown street navigator says he sees 'direct impact' of housing crisis every day,'Something that I have run into is even people that have enough money to get housing can't find it either',2019-08-13,CBC
Liberals look at short-term changes to expand rural broadband,"Document is aspirational, doesn't come with any new spending",2019-06-27,CBC
High-end housing squeezes out people who need it most,'Almost all of the new apartments ... they're for the middle and upper-income folks',2019-12-05,CBC
Essex man sleeping in scooter after town's order to leave 'hazardous' apartment,"70-year-old struggling with long wait list for affordable housing, rising rental rates",2020-03-10,CBC
Liberals look at short-term changes to expand rural broadband,"Document is aspirational, doesn't come with any new spending",2019-06-27,CBC
"Vacancy rate on the rise in Regina, so why isn't the cost of rent going down?",Some residents struggle to afford rent in Regina despite oversupply,2019-10-08,CBC
Home prices in Vancouver are quadruple what average millennial can afford: report,"Gap between money millennials make and money they need is still too wide, study says",2019-06-12,CBC
"New CMHC program good for students, middle class, says P.E.I. mortgage broker","Paul Trainor says it won't solve the problem of soaring house prices, but will help make them more affordable",2019-06-18,CBC
London home prices jump 10 per cent in November as sales close in on record year,"Realtors call last month 'best November ever,' as the city grapples with widening housing crisis",2019-12-04,CBC
Summer Produce Market brings fresh Ontario fruits and veggies to Toronto — for free,Daily Bread Food Bank will run markets in 14 Toronto communities this summer,2019-07-27,CBC
Why it was hard to sell or buy a home in Vancouver in 1981,Interest rates were the stumbling point ,2019-08-27,CBC
Vancouver is still in a housing crisis. But when will we know if it's over?,It's a question without a defined answer — but one that could have big policy implications down the road,2019-07-07,CBC
"'Broken system' favours tenants, says CEO of Ontario Landlords Watch",Kayla Andrade met with Ontario Housing Minister Steve Clark late last month,2019-12-09,CBC
Montreal's Molson brewery to make way for new residential neighbourhood,"Sprawling site to integrate housing, commercial space and community infrastructure billed as 'historic'",2019-06-05,CBC
Vancouver-area home sales rebound from last year as prices inch downward: REBGV,"Home sales in January were 7.3% below 10-year average, but still higher than January 2019",2020-02-05,CBC
Faro's abandoned homes have all been sold,170 housing units sat empty for years after the Faro mine closed in 1997,2019-12-03,CBC
P.E.I. housing starts expected to decline sharply in 2020,'Currently there's an excess of housing starts',2019-10-30,CBC
Montreal's Molson brewery to make way for new residential neighbourhood,"Sprawling site to integrate housing, commercial space and community infrastructure billed as 'historic'",2019-06-05,CBC
OPINION | Calgary's slogan should be 'The Family Friendly City',Let’s stop being ashamed of our big suburban homes with their double garages,2020-02-06,CBC
Proposed class action lawsuit alleges B.C.'s housing speculation tax unfairly targets women and seniors,Legal challenge seeks injunction to stop tax pending court decision,2019-11-02,CBC
Toronto backed the Liberals — so what could the city get back from Trudeau?,"Throughout campaign Liberals made pledges on housing, transit, gun violence",2019-10-23,CBC
"'Now is the time for action,' says Mayor Valérie Plante, as Montreal vacancy rate hits 15-year low",Tenants' advocates worry critical housing shortage will lead to 'renters finding themselves on the streets',2020-01-16,CBC
Houses in New Brunswick selling at unusually fast rate,Increase in home sales backed by record-setting month in May,2019-07-05,CBC
Government lays out fine print of new CMHC program that could contribute 10% to price of first home,Program will be limited to first-time buyers who earn under $120K a year,2019-06-17,CBC
Rental activists rallying at Burnaby City Hall to protest rezoning plan in Metrotown area,Activists want comparable housing for tenants in the 8 buildings on the chopping block ,2019-11-19,CBC
Government lays out fine print of new CMHC program that could contribute 10% to price of first home,Program will be limited to first-time buyers who earn under $120K a year,2019-06-17,CBC
B.C. Supreme Court rejects class action suit over foreign buyers tax,Judge found that 20 per cent tax on residential property did not discriminate against Chinese buyers,2019-10-25,CBC
"In Nunakput, residents grapple with the N.W.T.'s most complex challenges","'How do we survive? Honestly, I don't have an answer,' says dad working to put food on the table",2019-09-26,CBC
'$150 can go a long way': Mother of 5 says her rent is being unfairly raised,Melissa Douthwright says 2 of her neighbours didn't receive the same increase,2020-03-17,CBC
Confederation Centre actors in need of housing for 2020 festival season,"'We can't unfortunately create housing, we can only work with what we have'",2020-01-02,CBC
Metro Vancouver housing sales remain sluggish in May,Latest report shows property sales 23 per cent below 10-year average,2019-06-05,CBC
Ford City residents and leaders look to candidates for action on affordable housing,Windsor-Tecumseh candidates say housing affordability is top of mind for voters,2019-09-25,CBC
Get informed on the top stories of the day in one quick scan,,2020-03-11,CBC
Get informed on the top stories of the day in one quick scan,,2020-03-11,CBC
This paramedic commutes 6 hours to work in Vancouver because he can't afford to live there,"Metro Vancouver's affordability crisis pushing professionals out to homes in Okanagan, Vancouver Island",2020-01-17,CBC
'A mother should never ever have to be put in this position': Chilliwack mom on brink of homelessness,Michelle Paquette cares for 5 children; 2 have disabilities,2019-12-13,CBC
Don't get scammed: Fraudulent online rental ads on the rise in Montreal,Prospective tenants need to know their rights and keep an eye out for scams,2019-07-30,CBC
Progress on TB-elimination in Nunavut stalled due to lack of funding,Federal government has pledged to eliminate tuberculosis in Inuit Nunangat by 2030,2020-01-20,CBC
'Tent town' draws attention to Island's affordable housing crisis,'There are people that are very close to this situation … there are people living in cars.',2019-06-09,CBC
A market for healthy eating in Winnipeg's North End: Bear Clan program helps provide access to fresh food,Selkirk Avenue food security program serves an average of 117 people per day; helped over 400 on one day,2019-11-18,CBC
"From big bargains to bank breakers, Edmonton real estate stays stagnant",About 60 properties listed at less than $100K and 60 listed for more than $2 million,2020-01-03,CBC
A condominium? What's that?,"Neither house nor apartment, it was a new style of housing in 1968",2019-08-23,CBC
"Tenants at 2 Toronto buildings say same landlord turned off heat, then tried to evict them",Landlord says allegations are 'false' or 'otherwise coloured to disguise the truth',2020-01-28,CBC
"GTA seniors delaying downsizing, putting housing squeeze on younger people: study",Canada Mortgage and Housing Corporation analyzed 10 years of housing data for GTA residents 65+,2019-08-08,CBC
How produce stickers contribute to climate change,Also: The biggest players in battery storage,2020-02-14,CBC
The fall real-estate update: Economists predict gradual rebound,"It is rare to see a V-shaped recovery, writes personal finance columnist Mark Ting",2019-09-29,CBC
What it's like being 30 and going through the 3rd recession of your adult life,Millennials who coped with previous economic downturns share tips on surviving,2020-04-14,CBC
The first baby born in B.C. in 2000 is hopeful and a little wary about the next decade,Bradley Parks is doing what generations before him did: working hard and learning more. But is it enough?,2020-01-01,CBC
Anti-poverty group wants vacant downtown properties turned into affordable housing,"Mayor John Tory says 11 sites already identified for conversion to affordable housing, report coming this fall",2019-07-04,CBC
Inflation's return would upend consumer and market strategies: Don Pittis,Experts warn record spending and printing money could lead to post-COVID price rises,2020-04-06,CBC
"London's weather, traffic and gas prices for Friday",,2019-10-25,CBC
"2019 home sales outlook improves, after 5% rise in August",Canadian Real Estate Association says declining mortgage rates luring buyers back,2019-09-16,CBC
Hamilton home sales up 10 per cent in July but down from early summer,Apartment sales increase by 38.5 per cent,2019-08-02,CBC
How to take advantage of a real estate buyers' market, Metro Vancouver home sales 43% below April's 10-year average as buyers wait it out,2019-05-25,CBC
"As prices soar, home co-ownership is on the rise. This GTA house is a decades-old success story",Province released new guidelines for would-be buyers looking to co-own a home,2019-12-15,CBC
Seniors fear Surrey development proposal will cost them their homes,Surrey city council is expected to vote Monday night on the massive redevelopment project,2019-12-13,CBC
"As prices soar, home co-ownership is on the rise. This GTA house is a decades-old success story",Province released new guidelines for would-be buyers looking to co-own a home,2019-12-15,CBC
Seniors fear Surrey development proposal will cost them their homes,Surrey city council is expected to vote Monday night on the massive redevelopment project,2019-12-13,CBC
"Home sales climb higher in July, Canadian Real Estate Association reports","Sales up in most large markets, including Calgary, Edmonton, Toronto, Montreal, B.C. Lower Mainland",2019-08-15,CBC
Gatineau mayor wants more help from province for affordable housing,Maxime Pedneaud-Jobin says $6M in new money not enough to fix crisis,2019-05-24,CBC
Province not prepared to ease policies as housing market sputters,"Vancouver homeowners cite rising taxes, falling equity; NDP argues moderation is improving affordability",2019-05-23,CBC
Fairview residents struggle to find affordable housing as 'renoviction' looms,All residents in the 30-unit building at 25 Vimy Ave. must leave the premises by Saturday,2019-08-03,CBC
Fairview residents struggle to find affordable housing as 'renoviction' looms,All residents in the 30-unit building at 25 Vimy Ave. must leave the premises by Saturday,2019-08-03,CBC
Co-living trend coming to Zibi development,"Building by American company will feature common bathrooms, kitchens, lounges",2019-06-28,CBC
A $4.8M chandelier under Vancouver's Granville Bridge draws divided response,"Public art piece, paid for by developer, criticized for excess in a city grappling with a housing crisis",2019-12-01,CBC
"Surging rent costs push families to choose between housing and food, says advocate",The Benedict Labre House says there has been a surge in demand for food baskets in the last year,2020-01-27,CBC
"Surging rent costs push families to choose between housing and food, says advocate",The Benedict Labre House says there has been a surge in demand for food baskets in the last year,2020-01-27,CBC
Real estate market remains flat in Edmonton area,‘It has been very much like a leaky toilet or a dripping faucet’,2019-07-04,CBC
New parking fees come into effect this weekend on Granville Island,"Parking during peak times will cost $3 an hour during the summer, $2 an hour the rest of the year",2019-06-01,CBC
Should you feel guilty for taking family money to buy a home?,One woman explains why she felt guilty after getting family money to pay for her down payment,2019-06-01,CBC
'We are not in a crisis': New N.W.T. government delivers $1.9B budget,"Fiscal situation is 'not what was hoped in the last budget but it is manageable,' says finance minister",2020-02-28,CBC
COVID-19 unknowns leave economy dazed and wobbly: Don Pittis,"It is certain the world will recover, but doubts remain over when and how",2020-03-17,CBC
COVID-19 unknowns leave economy dazed and wobbly: Don Pittis,"It is certain the world will recover, but doubts remain over when and how",2020-03-17,CBC
How LGBT renters in Vancouver are finding safe living spaces,"They're not only contending with the city's pricey rental market, but also the worry of discrimination",2019-07-20,CBC
Tenants in low-cost rentals scramble after eviction notice,"17 affordable rental units coming off the market, buildings up for sale",2019-07-24,CBC
Vancouver mayor calls massive First Nation development a 'gift to the city',Squamish Nation plans to build 11 housing towers on reserve land in the heart of the city,2019-11-08,CBC
COVID-19 expected to bring unemployment of 5% to 85% in some areas — what does that mean for Canada?,Some provinces are more vulnerable to the economic shock of the pandemic than others,2020-04-09,CBC
Vancouver mayor calls massive First Nation development a 'gift to the city',Squamish Nation plans to build 11 housing towers on reserve land in the heart of the city,2019-11-08,CBC
COVID-19 expected to bring unemployment of 5% to 85% in some areas — what does that mean for Canada?,Some provinces are more vulnerable to the economic shock of the pandemic than others,2020-04-09,CBC
It's been 2 years since the B.C. NDP formed government. How is it faring?,Housing policies have been aggressive and climate change is a let-down to voters,2019-07-19,CBC
"After 2 years, couple sells tiny home without ever living in it",Jess Puddister and Tim Ward brought their tiny home to Pouch Cove in 2018,2020-02-23,CBC
"As Montreal families desperately hunt for affordable housing, advocates warn of looming crisis","New rules for developers will come into effect in 2 years, but new homes can't be built fast enough for some",2019-06-15,CBC
"Health care, housing and infrastructure: 3 election issues to watch in Hay River","R.J Simpson acclaimed in Hay River North, Wally Schumann and Rocky Simpson running for Hay River South seat",2019-09-19,CBC
Tiny houses could be making their way to Greater Sudbury,Tiny houses are 400 square feet or smaller,2019-09-06,CBC
Battle lines drawn over Ottawa's suburban sprawl,Debate begins over whether to expand urban boundary or hold the line,2020-04-23,CBC
Calgarian who was in Tehran when Soleimani was killed says he fears war,Sadra Semnani was visiting family in Iran when a U.S. airstrike killed Gen. Qassem Soleimani,2020-01-08,CBC
Calgarian who was in Tehran when Soleimani was killed says he fears war,Sadra Semnani was visiting family in Iran when a U.S. airstrike killed Gen. Qassem Soleimani,2020-01-08,CBC
Province says it's 'doing everything we can' while domestic abuse victims struggle to find affordable housing,About 200 women and children turned away each night from B.C. shelters,2019-11-17,CBC
Tenants of Oxford St. apartments worry rent increase could leave some on streets,"Owner CAPREIT says it needs to raise rent to cover cost of major renovations, repairs",2019-07-02,CBC
"Where to buy in a cooling housing market? New Westminster is a good bet, report says",Uptown New Westminster tops real estate analysis for second year in a row,2019-06-19,CBC
"You aren't allowed to live in your RV year round, regional district warns",'People are doing things like installing wood-burning stoves ... they're really moving in',2019-08-15,CBC
"Cars, clothes and classroom costs confound Canadians — plus the pecuniary points behind politicians promises","Cost of Living for September 28, 2019",2019-09-28,CBC
"Cars, clothes and classroom costs confound Canadians — plus the pecuniary points behind politicians promises","Cost of Living for September 28, 2019",2019-09-28,CBC
"McAdam's sale of $1 housing lots a success, mayor says",10 of the lots have been sold and the remaining 6 have deals pending,2019-11-06,CBC
"Even in an 'affordable' Canadian city, cost-of-living squeeze has people putting pressure on politicians","Cost of living is a big federal election issue, even in places where daily expenses are lower than average",2019-09-15,CBC
Party leaders weigh in on the year in Yukon politics,Environmental and pocketbook issues took centre stage in Yukon's Legislative Assembly this year,2019-12-31,CBC
NDP Leader Jagmeet Singh commits to have more than 300 candidates by next week,Singh says party would also work with province to address high power rates in N.L.,2019-09-03,CBC
52% of B.C. voters say Justin Trudeau's blackface history is a 'serious' issue: poll,New polls reveal Conservatives with big lead over Liberals in British Columbians' voting intentions,2019-09-24,CBC
NDP Leader Jagmeet Singh commits to have more than 300 candidates by next week,Singh says party would also work with province to address high power rates in N.L.,2019-09-03,CBC
What will the federal election mean for Canada's housing crisis?,,2019-10-18,CBC
City wants to extend secondary suites amnesty,"1,600 new suites added to city registry during amnesty but it may be extended until end of 2021",2020-04-01,CBC
'This is a choice': Fort McMurray residents brave the winter cold in their RVs,'We don't live in here because we have to',2019-11-06,CBC
Global uncertainty prompts rethink of B.C. budget projections,Finance Minister Carole James delivered the 2019 first-quarter financial results Monday,2019-09-10,CBC
"Housing crunch adding to back-to-school stress, students say","University, college students facing rising rents, dwindling supply in Ottawa",2019-09-06,CBC
Inuvik residents fear proposed housing corp. duplexes will drop their property values,Neighbours are concerned about plans to build 8 duplexes for police housing on Carmichael Drive,2019-09-11,CBC
"Housing crunch adding to back-to-school stress, students say","University, college students facing rising rents, dwindling supply in Ottawa",2019-09-06,CBC
'Pretty cheap money': Canadian mortgage rates falling to their lowest level in 2 years,Fixed and variable loans have gotten cheaper because costs for lenders are down too,2019-06-07,CBC
How gentrification shrunk a historic Toronto neighbourhood,Influx of wealthy new residents drove up prices and the overall population down,2019-08-19,CBC
Mural project aims to show the bigger picture of Halifax's Mulgrave Park,Paint the Park co-ordinator aims to add a dozen murals in the community,2019-06-13,CBC
The latest on the coronavirus outbreak for April 15,,2020-04-15,CBC
New life for former Salvation Army shelter in downtown Sudbury,"Low-income earners welcome, says Paul Charbonneau",2019-08-28,CBC
Take a tour of Université de Montréal's sparkling new campus,"The site, which has both admirers and detractors, officially opened to the public Friday",2019-09-20,CBC
Take a tour of Université de Montréal's sparkling new campus,"The site, which has both admirers and detractors, officially opened to the public Friday",2019-09-20,CBC
5 new emergency homes available for Regina families,Housing corporation says 300 applications for emergency or transitional homes,2019-08-19,CBC
All-party committee cautiously steps into property assessment cap debate,Group considering proposal by Nova Scotia Federation of Municipalities to eliminate cap,2020-01-29,CBC
Bank of Canada flags Alberta economic challenges in latest update,Crown corporation anticipates province will stablilize next year,2019-10-30,CBC
"Short-term rentals in Halifax making it harder for locals to find housing, report finds","McGill study found there were 2,420 short-term rentals active in the municipality on Aug. 31, 2019",2019-11-12,CBC
Single parents hit hard by food insecurity,The year-long series explores why so many in N.L. are struggling to put food on the table,2020-02-19,CBC
Protesters oppose possible 250% price hike to low-income transit pass,150 march on City Hall as debate begins on whether to cut taxes and services,2019-11-25,CBC
Nunavut premier calls for bigger carbon tax rebates in the North,"Canadians living in the North should receive higher rebates to compensate for federal carbon tax, he says",2019-11-28,CBC
"As London's homeless problem grows, so do attempts to find solutions","Representatives of churches, charities, shelters and aid agencies met to cook up ideas for the cause",2020-01-29,CBC
Protesters oppose possible 250% price hike to low-income transit pass,150 march on City Hall as debate begins on whether to cut taxes and services,2019-11-25,CBC
"As London's homeless problem grows, so do attempts to find solutions","Representatives of churches, charities, shelters and aid agencies met to cook up ideas for the cause",2020-01-29,CBC
"London's housing crisis is getting 'worse and worse,' agencies say","Many of the affordable units that exist are in deplorable conditions, agencies say",2019-05-24,CBC
Single parents hit hard by food insecurity,The year-long series explores why so many in N.L. are struggling to put food on the table,2020-02-19,CBC
"Port Hawkesbury Paper cutting wood deliveries due to declining markets, COVID-19",Nova Scotia sawmills expecting almost immediate effects from the change,2020-03-20,CBC
Fed chair sees North America as an economic oasis in 2020: Don Pittis,Solidifying our trade link with the U.S. means optimism could spread north next year,2019-12-12,CBC
Fed chair sees North America as an economic oasis in 2020: Don Pittis,Solidifying our trade link with the U.S. means optimism could spread north next year,2019-12-12,CBC
"North coast ferry route change will raise costs in Torngat Mountains, says new MHA","People are concerned about rising costs for food and housing materials, says Lela Evans",2019-06-12,CBC
B.C. lowers threshold for homeowners grant,New $1.525M threshold attributed to declining home values throughout the province,2020-01-04,CBC
Stephen Poloz to step down as Bank of Canada governor at end of term,Central bank's board says a search for a successor is underway,2019-12-06,CBC
B.C.'s housing speculation tax faces first major legal challenge,Lawsuit alleges tax is unconstitutional and beyond power of B.C. government,2019-09-26,CBC
Surrey councillors vote 5-4 to ban people from staying in RVs overnight on city streets,Staff report passes all 3 readings during a city council meeting Monday,2019-11-05,CBC
"Advocate slams 'outrageous' Tarion executive salaries, calls for cap",Newly released documents show Tarion CEO made $769K in 2018,2019-10-16,CBC
What profits at Canada's big banks are saying about the odds of a recession,"Royal and CIBC revealed numbers last week. Now it's BMO, Scotia and TD's turn",2019-08-27,CBC
Persian community in B.C. calls for more pressure on Iranian government over human rights,Iranian-Canadians say unrest in their home country is causing hardships for citizens,2020-01-09,CBC
Assessing whether 2020 will bring a Canadian property tumble: Don Pittis,A deep recession could pop bubble but only a few think it'll occur this coming year,2019-12-17,CBC
"Big families, small budgets: The challenge of housing for refugees",Valentina Cerka works to overcome barriers and find affordable housing for refugees in Winnipeg,2019-10-24,CBC
Social distancing is important. But what if you live in an apartment tower with shared spaces?,"33.5% of Canadians live in multi-family dwellings, according to the 2016 census",2020-03-26,CBC
"No households cut off from Rent Assist this year, but anti-poverty group warns single adults being left behind","For most groups, income threshold for Rent Assist program, benefits will increase in July, province says",2019-06-03,CBC
"No households cut off from Rent Assist this year, but anti-poverty group warns single adults being left behind","For most groups, income threshold for Rent Assist program, benefits will increase in July, province says",2019-06-03,CBC
Homebuyers escape high housing costs by relocating to secondary cities,"Move to towns near secondary cities is growing in popularity, real estate agents say",2019-05-26,CBC
Co-living apartments offer a sense of community for on-the-go millennials,"Investors seek to upend the rental market, starting in the world's largest and priciest cities",2019-06-09,CBC
Homebuyers escape high housing costs by relocating to secondary cities,"Move to towns near secondary cities is growing in popularity, real estate agents say",2019-05-26,CBC
Cape Breton University buys old Tartan Downs harness racing track,University says property will be used for future development,2019-10-18,CBC
"Immigrants less likely to own single-detached houses, StatsCan report finds","In Vancouver, however, immigrant-owned detached homes are worth an average $255K more",2019-06-11,CBC
"Influx of 4,500 workers raises fears of violence against women in B.C.'s northwest","Women's shelters in Kitimat, Terrace already operate above capacity while concerns about 'man camps' persist  ",2020-03-06,CBC
"$89B in home equity lost across Metro Vancouver over past year, report claims","Report blames stress test, taxes aimed at stabilizing market — but households won't necessarily feel pinch yet",2019-05-22,CBC
"$89B in home equity lost across Metro Vancouver over past year, report claims","Report blames stress test, taxes aimed at stabilizing market — but households won't necessarily feel pinch yet",2019-05-22,CBC
"$89B in home equity lost across Metro Vancouver over past year, report claims","Report blames stress test, taxes aimed at stabilizing market — but households won't necessarily feel pinch yet",2019-05-22,CBC
"Hamilton OKs plan to bid for 2030 Commonwealth Games, but wants to scrutinize it first",Estimates indicate hosting the games would cost about $1.5B,2019-11-14,CBC
Details scarce on NB Power plan to begin building solar-powered neighbourhood this year,Utility to spend millions on 100 solar-powered houses in Halls Creek area of Moncton,2020-02-19,CBC
Details scarce on NB Power plan to begin building solar-powered neighbourhood this year,Utility to spend millions on 100 solar-powered houses in Halls Creek area of Moncton,2020-02-19,CBC
How Montreal's Habitat 67 is inspiring a new generation of apartments in Asia,"52 years ago, Habitat heralded a new way to build urban housing. The style is now catching on internationally",2019-09-02,CBC
"New mortgage loans slowed in Canada but overall value is still rising, says CMHC","The average value of a mortgage reached $209,570, which is more than 3% higher than a year ago",2019-05-22,CBC
Liberals will work with cities on climate change even when provinces won't: Trudeau,"PM says Ontario premier is playing politics with communities, blocking federal funding for local projects",2019-05-31,CBC
197 people are homeless in Windsor-Essex on any given night,"2,048 households accessed interim housing",2019-07-23,CBC
What a Liberal minority government means to Vancouver real estate,"Provincial, municipal policy will have a more direct effect",2019-10-27,CBC
What a Liberal minority government means to Vancouver real estate,"Provincial, municipal policy will have a more direct effect",2019-10-27,CBC
197 people are homeless in Windsor-Essex on any given night,"2,048 households accessed interim housing",2019-07-23,CBC
Millennium Library critics don't want recommended security changes lost in 'disappointing' city budget,"Expenditure targets will hold community services to 0.5% increase, won't meet cost of inflation",2019-11-09,CBC
B.C.'s housing speculation tax faces first major legal challenge,Lawsuit alleges tax is unconstitutional and beyond power of B.C. government,2019-09-26,CBC
"Small space, big impact: Tiny homes could soon be coming to Edmonton properties",'It would bring life to an area that is usually not utilized',2019-09-06,CBC
"Small space, big impact: Tiny homes could soon be coming to Edmonton properties",'It would bring life to an area that is usually not utilized',2019-09-06,CBC
Yellowknife's hotel operators push for tougher rules for short-term rentals,City of Yellowknife works toward regulation of short-term rentals like Airbnbs,2020-01-14,CBC
Tribunal begins hearing Vanier shelter appeal,Salvation Army facility on Montreal Road given council approval in 2017,2020-01-13,CBC
Funding cuts top of mind as urban mayors meeting gets underway in Guelph,Large Urban Mayors Caucus brings together mayors from more than 2 dozen municipalities ,2019-05-28,CBC
Get informed on the top stories of the day in one quick scan,,2020-04-20,CBC
Mary Voss 'used' by Keith and Marisa Hobbs in extortion scheme: OPP investigator,"Extortion trial for former Thunder Bay mayor Keith Hobbs, wife Marisa Hobbs, and Voss continues Tuesday",2019-12-03,CBC
Get informed on the top stories of the day in one quick scan,,2020-04-20,CBC
"Extra! Extra! Take over this small-town Alaska newspaper, for free","Skagway News owner Larry Persily ready to pass the torch, and he doesn't want money",2019-11-21,CBC
Mary Voss 'used' by Keith and Marisa Hobbs in extortion scheme: OPP investigator,"Extortion trial for former Thunder Bay mayor Keith Hobbs, wife Marisa Hobbs, and Voss continues Tuesday",2019-12-03,CBC
7 reasons Canada could escape economic doom: Don Pittis,"The tentacles of global gloom are reaching out, but Canada has some secret weapons",2019-10-21,CBC
"N.L. home construction at 50-year low, but sales on the rise following disastrous year","Real estate leaders hoping industry has bottomed out, and better days ahead",2019-11-14,CBC
127 employees out of work as Kelowna sawmill announces shutdown,Tolko Industries Kelowna latest B.C. mill to close or curtail operations ,2019-09-13,CBC
"Alberta economy doing better than expected, say TD economists",Province's mandated oil production curtailments strengthened heavy oil prices in early 2019,2019-07-16,CBC
Thinking of buying a condo in 2020? Don't overlook this 1 key expense,Finance columnist Mark Ting on the importance of insurance for condo buyers,2020-02-09,CBC
"Alberta economy doing better than expected, say TD economists",Province's mandated oil production curtailments strengthened heavy oil prices in early 2019,2019-07-16,CBC
Thinking of buying a condo in 2020? Don't overlook this 1 key expense,Finance columnist Mark Ting on the importance of insurance for condo buyers,2020-02-09,CBC
Breaking down Canadians' questions about the cost of living,It's the number one concern among Canadians heading into the fall federal election ,2019-09-12,CBC
Yellowknife Women's Society renovating part of office into daycare,One of the organization's daycares is temporarily being operated out of a church,2019-05-31,CBC
"Tenant blamed, threatened over landlord's inability to rent vacant illegal bedroom","Centurion Property Associates owns apartments in Ontario, Nova Scotia, Saskatchewan and Alberta",2019-10-07,CBC
How tiny homes could provide a path to security for new Canadians,They're not just an emerging lifestyle: they're a potential solution to affordable housing,2019-07-21,CBC
"Cyclists complete tour across 3 U.S. states, raise $125K for Habitat for Humanity home","1254-km journey took two weeks from Baker City, Ore. to Yellowstone National Park in Wyoming",2019-07-21,CBC
Wood Buffalo council will lobby province over condo insurance crisis,"Some condo owners forced to pay $6,000 more each year for insurance",2019-10-25,CBC
Wood Buffalo council will lobby province over condo insurance crisis,"Some condo owners forced to pay $6,000 more each year for insurance",2019-10-25,CBC
Ford says Hamilton 'destroyed' by NDP 'socialists' and Liberals,The Premier said local MPP Donna Skelly and his government are changing the city's fortunes,2019-11-05,CBC
B.C. Liberals pressure province to help condo owners hit by skyrocketing strata insurance,"Opposition tables proposed legislation, government commits to 'take a look' at the ideas",2020-02-26,CBC
B.C. Liberals pressure province to help condo owners hit by skyrocketing strata insurance,"Opposition tables proposed legislation, government commits to 'take a look' at the ideas",2020-02-26,CBC
'Proud to be a Canadian': Frustration but little appetite for separation in heart of Prairie oil country,"Oil downturn has taken a toll on the people of Lloydminster, who want the federal government to listen",2019-11-01,CBC
"Casino management ignored workers' warnings about money laundering, B.C. union head charges","Cullen Commission kicks off with opening statements from government, representatives of gambling sector",2020-02-25,CBC
Trade war darkens economic forecasts for Canada,"National Bank, Bank of America Merrill Lynch cut growth forecasts for 2019",2019-06-04,CBC
"Casino management ignored workers' warnings about money laundering, B.C. union head charges","Cullen Commission kicks off with opening statements from government, representatives of gambling sector",2020-02-25,CBC
Trade war darkens economic forecasts for Canada,"National Bank, Bank of America Merrill Lynch cut growth forecasts for 2019",2019-06-04,CBC
Hamilton 100 proposes new sports complexes and big upgrades in bid for 2030 Commonwealth Games,Hamilton hosted the first version of the games in 1930,2019-11-04,CBC
Hamilton 100 proposes new sports complexes and big upgrades in bid for 2030 Commonwealth Games,Hamilton hosted the first version of the games in 1930,2019-11-04,CBC
Developer pitches tiny condo for downtown Yellowknife,Wayne Guy says 12-unit building would help breathe new life into downtown core,2019-07-10,CBC
What's the difference between the Conservative and Liberal platforms? The colour: Robyn Urback,This election essentially comes down to whose face you won't mind staring at for the next 4 years,2019-09-27,CBC
"Quebec government tries to go green in new budget, pushing public transit and electric cars","But environmentalists question level of commitment, with bulk of money not allotted until 2nd mandate",2020-03-11,CBC
"Biden clashes with Warren, Sanders on health care in 3rd Democratic debate",Candidates pare back some of the bickering that marked 2 earlier debates,2019-09-13,CBC
"Biden clashes with Warren, Sanders on health care in 3rd Democratic debate",Candidates pare back some of the bickering that marked 2 earlier debates,2019-09-13,CBC
"Biden clashes with Warren, Sanders on health care in 3rd Democratic debate",Candidates pare back some of the bickering that marked 2 earlier debates,2019-09-13,CBC
"What to do when rent is due? Tenants, landlords face uncertainty amid COVID-19 outbreak","COVID-19 outbreak leaves both tenants, landlords in precarious financial situation",2020-03-31,CBC
B.C. posts $1.5B operating surplus as tax revenue increases and real estate market cools,Province eliminates operating debt for 1st time in 4 decades,2019-07-19,CBC
"This N.W.T.-built home could cut energy bills by almost half, says not-for-profit","Bruce Elliott is building his 1st energy efficient home, hopes to send some to High Arctic",2019-11-29,CBC
"More millennials base dating decisions on property-buying prospects than looks, survey suggests","Only 2.8% said appearance was the most important quality, compared to 12.7% who cited property as tops",2019-07-24,CBC
Residents urged to reforest Old Aylmer,Trees will be available to residents at a discounted rate,2019-11-04,CBC
"This N.W.T.-built home could cut energy bills by almost half, says not-for-profit","Bruce Elliott is building his 1st energy efficient home, hopes to send some to High Arctic",2019-11-29,CBC
"More millennials base dating decisions on property-buying prospects than looks, survey suggests","Only 2.8% said appearance was the most important quality, compared to 12.7% who cited property as tops",2019-07-24,CBC
Residents urged to reforest Old Aylmer,Trees will be available to residents at a discounted rate,2019-11-04,CBC
West Fraser Timber sawmills cutting production by up to 25% in B.C.,"Schedules at 5 mills in B.C. will vary depending on market conditions, company says",2019-09-10,CBC
Lacombe's historic Flatiron Building could be yours for $1.3M,'It's definitely for a unique buyer ... it's for someone who has a love for heritage',2019-09-12,CBC
West Fraser Timber sawmills cutting production by up to 25% in B.C.,"Schedules at 5 mills in B.C. will vary depending on market conditions, company says",2019-09-10,CBC
"'Troubling' new numbers show food bank use on the rise in Toronto, Mississauga","Report links housing costs to food insecurity, says visits from Mississauga residents rose 16%",2019-11-04,CBC
'We're everywhere now': Meet the homeless in Canada's largest city,"'It's people who have fallen on hard times, got divorced, lost their jobs, got a work injury'",2019-12-26,CBC
"Housing bill threatens funds for parks and rec, city fears","Bill 108 meant to spur new homes, but Ottawa sees 'one-size-fits-all' solution",2019-05-24,CBC
How the discourse has changed around defining topics of the decade,"Canadians have changed how we talk about gender, global politics, drugs and what it means to be a Canadian",2019-12-28,CBC
"Believe it or not, people in N.L. are in better economic shape than you might think",Annual report from MUN's Harris Centre released Wednesday,2019-11-06,CBC
"Federal NDP leader Singh makes stop in Edmonton, party's lone Alberta riding",Edmonton-Strathcona is the lone riding for the federal NDP,2019-08-25,CBC
"Federal NDP leader Singh makes stop in Edmonton, party's lone Alberta riding",Edmonton-Strathcona is the lone riding for the federal NDP,2019-08-25,CBC
"With real estate market booming, Montreal property assessments climb 13.7%","Beaconsfield, Hampstead, Mount Royal, Kirkland and Westmount among those with biggest jumps",2019-09-11,CBC
Paying for healthy food and rent 'absolutely impossible' for many in K-W,Nutritious food basket survey calculates cost of healthy food in region,2019-10-18,CBC
"Cambridge candidates on cost of living, environment and what you need to know about them",,2019-10-14,CBC
Little Jamaica businesses suffer amid yet another delay in Eglinton LRT construction,"Construction began in 2011, now the LRT's opening has been delayed until 2022",2020-03-04,CBC
Highway 17 widening ignites hope in Renfrew,Work to make highway 4 lanes from Arnprior to Renfrew could start in next 2 to 3 years,2019-07-12,CBC
"COVID-19 on P.E.I.: What's happening on Friday, March 20",P.E.I.'s second confirmed case of COVID-19 was on Air Canada flight 7564 on March 11,2020-03-20,CBC
"'It's pretty brutal, pretty unforgiving': Why the West should move beyond an oilpatch economy","Petroleum industry jobs are only a good living if you prepare for the bust, which always comes",2019-11-15,CBC
City urged to show 'spine' on climate change,Environment committee approves strategy to reduce GHG emissions,2019-12-17,CBC
City urged to show 'spine' on climate change,Environment committee approves strategy to reduce GHG emissions,2019-12-17,CBC
"Despite a strong economy, cost of living still top of mind for Canadians",An accounting of the economic data shows that perceptions don't quite match reality,2019-07-02,CBC
N.W.T. finances leave minister with little wiggle room ahead of her first budget address,Caroline Wawzonek has promised to be creative as numbers paint a grim picture,2020-02-25,CBC
Warm weather creating 'crisis' for First Nations that rely on ice roads,Kitchenuhmaykoosib Inninuwug is flying in fuel and pondering how to ship materials for a new school,2020-02-04,CBC
Upgraded Sea-to-Sky Highway improved safety but brought 'big city problems' says mayor,Stakeholders reflect on the $600-million upgrade that was a lightning rod for protest ahead of 2010 Games ,2020-02-26,CBC
"U.S. reports on GDP, consumer spending remain positive",Improvement in economic data seemingly reduces the risks of a recession in the near term,2019-11-27,CBC
Warm weather creating 'crisis' for First Nations that rely on ice roads,Kitchenuhmaykoosib Inninuwug is flying in fuel and pondering how to ship materials for a new school,2020-02-04,CBC
"NDP's 2019 election platform promises mental, dental, hearing coverage for all",CBC News got an early look at what’s inside the NDP platform,2019-06-17,CBC
Militia withdraw from U.S. Embassy in Iraq as Trump deploys more troops,Move comes after 2 days of protests against deadly airstrikes that targeted Iran-backed fighters,2020-01-01,CBC
N.W.T. finances leave minister with little wiggle room ahead of her first budget address,Caroline Wawzonek has promised to be creative as numbers paint a grim picture,2020-02-25,CBC
Greater Sudbury refutes report that suggests property taxes in the city amongst the highest in Ontario,New data by Zoocasa states Sudbury ranks 5th in the province for high tax rates,2019-08-02,CBC
"Waterloo candidates surveyed on climate change, cost of living",,2019-10-13,CBC
'Sexy' Galway site for new French school nearly twice price of Mount Pearl option,Francophone school board argues $1.5M difference justified,2019-06-18,CBC
'Nothing short of disappointing': North a low priority in federal election,"Northerners say they've heard promises, but see little action on critical issues",2019-10-15,CBC
"End of Hamilton LRT threatens proposed developments, says business group",36 developments that were proposed along the King Street corridor may be in jeopardy,2019-12-18,CBC
"End of Hamilton LRT threatens proposed developments, says business group",36 developments that were proposed along the King Street corridor may be in jeopardy,2019-12-18,CBC
"Cabinet's mandate, if fulfilled, could offer a lot for northerners",Long-held territorial concerns acknowledged in new mandate letters issued Friday,2019-12-14,CBC
Plan for new Woodstock Sikh temple gets boost from developer's land donation,"Punjabi community grateful for donation, now turns to raising money for construction costs",2019-10-20,CBC
Kam Lake candidates trade cost of living solutions in community debate,6 candidates in crowded field find common ground on most issues,2019-09-18,CBC
Get informed on the top stories of the day in one quick scan,,2020-04-09,CBC
Kam Lake candidates trade cost of living solutions in community debate,6 candidates in crowded field find common ground on most issues,2019-09-18,CBC
How high is too high?  Vancouver's property tax dilemma,"Columnist Mark Ting considers the effect on renters, landlords and homeowners",2019-12-01,CBC
"Guelph candidates on top issues facing city, cost of living, environment",,2019-10-13,CBC
Downtown Kitchener loses another parking lot,"Community members would rather see more retail and housing, city officials say",2019-06-17,CBC
Kapyong Barracks signed over to First Nations group,"'The promise of tomorrow with Kapyong is with us,' Treaty 1 spokesperson Chief Dennis Meeches says",2019-08-30,CBC
Frustration and hope mix in London's Old East Village,CBC London visited Dundas Street in Old East Village to talk about a growing but struggling neighbourhood,2019-07-16,CBC
'There isn't consistency': COVID-19 response varies for children in care,"Child welfare an essential service, but it's not being handled like others during this pandemic, advocate says",2020-03-29,CBC
'The challenge is real': Syncrude commits to bolstering Fort McMurray economy,"Syncrude's managing director says the community is facing low oil prices, closing businesses",2019-09-13,CBC
North sees little mention in federal throne speech,"Federal throne speech kicks off new session of parliament; pushes climate change, reconciliation ",2019-12-06,CBC
North sees little mention in federal throne speech,"Federal throne speech kicks off new session of parliament; pushes climate change, reconciliation ",2019-12-06,CBC
'There isn't consistency': COVID-19 response varies for children in care,"Child welfare an essential service, but it's not being handled like others during this pandemic, advocate says",2020-03-29,CBC
"People with severe disabilities feel 'duped' by Alberta government, AISH recipient says",'It concerns me because the vulnerable community can become more vulnerable',2019-11-04,CBC
"This election should be about more than which leader sucks. Alas, it won't be: Neil Macdonald",The strategy is clear: Andrew Scheer is scary. Justin Trudeau is a liar. And Jagmeet Singh.. is mostly ignored,2019-08-27,CBC
Meth-related admissions higher than opioids at Windsor-Essex treatment centres,"At the House of Sophrosyne, meth-related recoveries account for the second-largest group of admissions",2019-07-26,CBC
'We've been here before': The fight to survive B.C.'s rising mill closures,"'There's probably going to be some tears shed I'm sure,' says Quesnel mill worker",2019-07-08,CBC
Antique items from historic St. George house up for sale,"Candelabras, bookcases, china sets and silverware among the possessions go on sale",2019-07-29,CBC
"Twice laid off due to sawmill closures, B.C. worker ready for new career","This year's mill closures and production curtailments have affected more than 5,900 workers at 25 mills",2019-09-08,CBC
Why Canadians find saving so hard — and how to get better at it ASAP,"A new study says we’re particularly bad at saving, so we enlisted an expert for help",2019-06-12,CBC
Doug Ford is back at Queen's Park today: Here's what to expect from his government,Ontario legislature resumes after break that kept premier out of spotlight during federal campaign,2019-10-28,CBC
Why Canadians find saving so hard — and how to get better at it ASAP,"A new study says we’re particularly bad at saving, so we enlisted an expert for help",2019-06-12,CBC
Third-party advertiser disavows 'mass immigration' message on billboards,True North Strong & Free Advertising Corp. says message was never approved,2019-08-26,CBC
The day after the deal: How do Calgarians feel about funding a new arena?,"Some are angry, others are optimistic — but there's no shortage of opinion",2019-12-07,CBC
Commonwealth games officials feel 'excitement and energy' in Hamilton visit,Hamilton100 says its focused on delivering a bid that will benefit everyone in the city,2019-08-02,CBC
We're officially a big city. Let's start acting like one,We need to take risks and insist on excellence — we need to swagger,2019-06-14,CBC
We're officially a big city. Let's start acting like one,We need to take risks and insist on excellence — we need to swagger,2019-06-14,CBC
Canadian and U.S. economies are converging but danger lurks: Don Pittis,Poloz and Wilkins warn that markets overestimate the power of a rate-cut quick fix,2019-07-11,CBC
Canadian and U.S. economies are converging but danger lurks: Don Pittis,Poloz and Wilkins warn that markets overestimate the power of a rate-cut quick fix,2019-07-11,CBC
What's been promised by Manitoba's political parties in the 2019 election,A list of the promises and pledges made during the election campaign,2019-09-10,CBC
"After outcry, company to remove pro-Bernier billboards that criticize 'mass immigration'","Bernier says he agrees with ad's message, notes they were placed by outside group",2019-08-25,CBC
The candidates: Nahendeh,"Mike Drake, Randy Sibbeston, Eric Menicoche challenge incumbent Shane Thompson in multi-community riding",2019-09-17,CBC
Secret Olympic reports show how ill-fated bid evolved over time,Release of confidential reports reveal gems like 'hosting the Games is inherently high risk',2019-06-19,CBC
'We're anxious to get it in the ground': Pipe yards fill ahead of federal decision on Trans Mountain expansion,"Trains, trucks deliver pipes to Alberta and B.C. for delayed pipeline project",2019-06-17,CBC
'We're anxious to get it in the ground': Pipe yards fill ahead of federal decision on Trans Mountain expansion,"Trains, trucks deliver pipes to Alberta and B.C. for delayed pipeline project",2019-06-17,CBC
The rise of Indigenous horror: How a fiction genre is confronting a monstrous reality,Indigenous writers know what it's like to live in a world where the horror never stops,2019-10-17,CBC
"Conservatives enter 40-day federal campaign flush with cash, focused on Quebec","Party should have enough money on hand to spend $28.1 million, the maximum allowed under federal law",2019-09-11,CBC
Coming home: Vianne Timmons named as new MUN president,She has served as the president of University of Regina for the past 11 years,2019-12-12,CBC
Are 2020's tax changes 'significant' or 'a wash'?,Liberals' promised tax cut may help 20 million Canadians - but only a little,2019-12-31,CBC
Are 2020's tax changes 'significant' or 'a wash'?,Liberals' promised tax cut may help 20 million Canadians - but only a little,2019-12-31,CBC
Mortgage insurer Genworth Canada may be sold as U.S. parent works on Chinese merger,Genworth MI competes with Canada Mortgage and Housing Corporation,2019-07-02,CBC
Restaurant industry faces critical worker shortage as holiday demand peaks,"There are more than 67,000 vacant positions in bars and food service",2019-12-24,CBC
OPINION | NDP climate plan tries (and fails) to carve out middle ground,The plan is riddled with inconsistencies and short on details,2019-09-13,CBC
"Perth-Wellington candidates on environment, cost of living and top issues in this election",,2019-10-13,CBC
"Perth-Wellington candidates on environment, cost of living and top issues in this election",,2019-10-13,CBC
"Tear gas, reports of woman shot after weekend protests in Iran: video",Demonstrators protest against Tehran's initial denial it shot down Ukrainian plane,2020-01-14,CBC
How to create a new Calgary neighbourhood in 12 not-so-easy steps: Part 1,"'You need to have the vision and financial capacity,' says Ryan Boyd, Brookfield Residential vice-president",2019-06-29,CBC
Two families' modern take on the multi-generational home,"""It was really about setting up an ecosystem for our lives that really was self-sustaining.""",2019-10-24,CBC
Ford mum on carbon tax challenge in congratulatory election statement,Ontario premier previously said voters would decide fate of his government's court case against carbon pricing,2019-10-22,CBC
"Kitchener-Conestoga candidates discuss cost of living, top concerns in riding",,2019-10-13,CBC
"THC slushies, pirate radio and the cannabis-driven boom in a Mohawk community","Renovation and construction dot Tyendinaga Mohawk Territory in Ontario, much of it fuelled by marijuana",2019-07-21,CBC
Canadians took on less debt in first quarter of 2019 — but total amount they owe is still growing,"Debt to disposable income ratio holds steady at 177%, just below record high set in 2018",2019-06-13,CBC
Reports of chemical weapon attack denounced as Syrian fighting heats up,Newsletter: A closer look at the day's most notable stories,2019-05-22,CBC
"Ball, O'Regan to make 'significant announcement' on Monday after rate mitigation talks over weekend","'The ball is in the government's court, so let's hear from Premier Ball,' says Ches Crosbie",2020-02-09,CBC
'Our commercial streets are bleeding': City hears it's just too expensive to set up shop in Montreal,"Charging tenants less to rent storefronts has proven to attract businesses, Montrealers tell city officials",2020-01-20,CBC
Liberals ask voters to 'choose forward' while Tories vow to help Canadians 'get ahead' in new campaign ads,"Liberals, Tories launch TV ad campaigns ahead of Oct. 21 vote, NDP expected to follow next week",2019-08-26,CBC
"Yellowknife's election ridings, by the numbers",Data reveals divides between electoral districts,2019-09-22,CBC
"Yellowknife's election ridings, by the numbers",Data reveals divides between electoral districts,2019-09-22,CBC
'Our commercial streets are bleeding': City hears it's just too expensive to set up shop in Montreal,"Charging tenants less to rent storefronts has proven to attract businesses, Montrealers tell city officials",2020-01-20,CBC
"Ball, O'Regan to make 'significant announcement' on Monday after rate mitigation talks over weekend","'The ball is in the government's court, so let's hear from Premier Ball,' says Ches Crosbie",2020-02-09,CBC
What will the federal election hold for Hamilton? Here's your campaign primer,,2019-09-11,CBC
"With Singh's environment plan, the left-centre climate change bidding war begins",It's aspirational and unclear — and it's designed to keep the Greens at bay while boxing in the Liberals,2019-06-01,CBC
Rogers Place: Was it worth it?,A look back at the Rogers Place deal as Calgary mulls proposed arena,2019-07-28,CBC
Coronavirus: What's happening in Canada and around the world on March 29,"1.6M Canadians have applied for employment insurance, says employment minister",2020-03-30,CBC
Ontario Teachers' Pension Plan had shares in company that runs controversial U.S. migrant detention centres,Alberta Crown corporation owns about $4.8M in shares in for-profit prison companies,2019-07-11,CBC
"Budget aimed at health care, education and poverty likely to fuel N.S. election talk",Fallout from Northern Pulp closure and coronavirus could hurt province's economic growth,2020-02-25,CBC
Hong Kong protesters vow to keep fighting extradition law,"Police use rubber bullets, tear gas outside government headquarters",2019-06-12,CBC
"'You feel ashamed': Despite tighter rules, struggling British Columbians still embrace payday loans",Industry says loans provide options to consumers and rules are forcing lenders to close,2020-01-15,CBC
"'You feel ashamed': Despite tighter rules, struggling British Columbians still embrace payday loans",Industry says loans provide options to consumers and rules are forcing lenders to close,2020-01-15,CBC
"Kitchener South-Hespeler candidates talk environment, cost of living",,2019-10-13,CBC
Get informed on the top stories of the day in one quick scan,,2019-12-02,CBC
Get informed on the top stories of the day in one quick scan,,2019-12-02,CBC
New cabinet must make the best of an uncertain economic outlook: Don Pittis,"Market indicators turn optimistic on global economy but others say, 'Hold on'",2019-12-03,CBC
"Love them or hate them, research offers financial case for big city bike lanes","Beyond health and environmental benefits, studies indicate bike lanes boost city businesses",2019-06-08,CBC
Calgary lags behind on transit-oriented development,"Other cities, like Vancouver, are doing much more to link vibrant communities to public transit",2019-12-05,CBC
"Canada's economy 'sound and growing,' says Morneau as he unveils fiscal update","Update shows deficits for next 5 years, with no sign of a planned return to balance",2019-12-16,CBC
Get ready for an unruly House of Commons divided along regional fault lines,"Election 2019 managed to deepen Canada's east-west, rural-urban divides in an alarming way",2019-10-22,CBC
Get ready for an unruly House of Commons divided along regional fault lines,"Election 2019 managed to deepen Canada's east-west, rural-urban divides in an alarming way",2019-10-22,CBC
Coronavirus: Here's what's happening in Canada and around the world on March 17,"Ontario, Alberta and B.C. declare emergency as Trudeau pledges relief for Canadians",2020-03-20,CBC
"N.B. COVID-19 roundup: Up to 30,000 layoffs so far as confirmed cases climb to 33","Premier Blaine Higgs announces $50M to help employers, support economy immediately",2020-03-26,CBC
On trend: Startup gives women a way to rent that perfect style from someone else's closet,"Reheart lets women rent out their clothing, helping fashionistas make money and cut their carbon footprint",2019-07-25,CBC
What will become of Toronto's Chinatown? Activists worry gentrification will erase a unique piece of history,A grassroots group wants Chinatowns across North America preserved. But is change built in to them?,2019-06-05,CBC
Finding a job far from home without moving house: Don Pittis,Tech is changing how people work — and location is no longer the deciding factor,2019-09-09,CBC
"Bank of Canada holds interest rate steady at 1.75%, citing trade tensions","Outlook clouded by trade, central bank says, lowering global growth forecast",2019-07-10,CBC
Remembering Little Jamaica: This new film pays tribute to a disappearing Toronto neighbourhood,Amanda Parris talks to Sharine Taylor about documenting a history that means a lot to both of them,2019-09-27,CBC
Liberals promise to halve tax rate for clean tech companies as part of long-range climate action plan,"Environmental proposals would push Canada to net-zero emissions by 2050, party says",2019-09-24,CBC
Soaring condo insurance rates help push Fort McMurray homeowner into bankruptcy,"'There's not anything we can do anymore,' Kaleena Carriere says",2019-12-16,CBC
Soaring condo insurance rates help push Fort McMurray homeowner into bankruptcy,"'There's not anything we can do anymore,' Kaleena Carriere says",2019-12-16,CBC
Election winner will choose new ambassador - and possibly a reset with Washington,The Canada Votes newsletter is your weekly tip-sheet as we count down to Oct. 21,2019-08-11,CBC
"Thousands join effort to stop international student from being deported for 'working too hard,' he says",Jobandeep Singh Sandhu says he had no choice but to work extra hours to pay for his program,2019-05-24,CBC
Coronavirus: What's happening in Canada and around the world on April 17,Prime Minister Justin Trudeau announces $1.7B to clean up orphan wells,2020-04-18,CBC
How much will the defence file matter to voters?,The Canada Votes newsletter is your weekly tip-sheet as we count down to Oct. 21,2019-07-14,CBC
Coronavirus: What's happening in Canada and around the world April 8,Ontario is testing fewer people than other provinces and fewer than it had hoped to by this point,2020-04-09,CBC
What Albertans can expect now with Liberals re-elected but as minority government,"Majority of Albertans opted once again for the Conservatives, giving Liberals little incentive to curry favour",2019-10-23,CBC
Coronavirus: Here's what's happening in Canada and the world March 19,"PM talks about need for increased testing, travel restrictions between Canada and U.S.",2020-03-20,CBC
Why the Fiat Chrysler-Renault merger proposal is more shotgun wedding than fairy-tale romance,Newsletter: A closer look at the day's most notable stories,2019-05-27,CBC
The candidates: Yellowknife North,Rylund Johnson and Jan Vallillee challenge incumbent Cory Vanthuyne in Yellowknife riding,2019-09-18,CBC
